카테고리,goods_no,brand,name,price_org,price_cur,score,review_count,tags,link,img_url
유산균,A000000229934,푸드올로지,[1등 유산균] 콜레올로지 컷 다이어트 유산균 14/20캡슐 (7/10일분),21000,18500,4.6,999+,"세일, 쿠폰, 증정, 오늘드림",https://www.oliveyoung.co.kr/store/goods/getGoodsDetail.do?goodsNo=A000000229934,https://image.oliveyoung.co.kr/cfimages/cf-goods/uploads/images/thumbnails/400/10/0000/0022/A00000022993422ko.jpg?l=ko
유산균,A000000244929,지노마스터,[포켓몬 에디션] 지노마스터 질유산균 30캡슐 (+포켓몬 카드케이스 증정) (30일분) (OY단독),41000,26900,4.9,999+,"세일, 오늘드림",https://www.oliveyoung.co.kr/store/goods/getGoodsDetail.do?goodsNo=A000000244929,https://image.oliveyoung.co.kr/cfimages/cf-goods/uploads/images/thumbnails/400/10/0000/0024/A00000024492932ko.png?l=ko
유산균,A000000205496,프로뉴트리션,프로뉴트리션 듀얼플랜 다이어트 유산균 14포,39800,35800,4.4,188,"세일, 오늘드림",https://www.oliveyoung.co.kr/store/goods/getGoodsDetail.do?goodsNo=A000000205496,https://image.oliveyoung.co.kr/cfimages/cf-goods/uploads/images/thumbnails/400/10/0000/0020/A00000020549610ko.jpg?l=ko
유산균,A000000206861,덴프스,[포켓몬 에디션] 덴마크 유산균이야기 30캡슐 1+1 (+꼬부기 러기지택) (60일분),40000,30400,4.9,999+,"세일, 쿠폰, 오늘드림",https://www.oliveyoung.co.kr/store/goods/getGoodsDetail.do?goodsNo=A000000206861,https://image.oliveyoung.co.kr/cfimages/cf-goods/uploads/images/thumbnails/400/10/0000/0020/A00000020686140ko.jpg?l=ko
유산균,A000000257051,락토핏,락토핏 골드 패밀리팩 130포 (130일분)(RE),41900,28900,4.9,9,"세일, 오늘드림",https://www.oliveyoung.co.kr/store/goods/getGoodsDetail.do?goodsNo=A000000257051,https://image.oliveyoung.co.kr/cfimages/cf-goods/uploads/images/thumbnails/400/10/0000/0025/A00000025705129ko.jpg?l=ko
유산균,A000000199062,락토핏,[포켓몬 에디션] 락토핏 골드 트리플 기획 (+피카츄 런치백) (3개월분),35700,22900,4.9,999+,"세일, 오늘드림",https://www.oliveyoung.co.kr/store/goods/getGoodsDetail.do?goodsNo=A000000199062,https://image.oliveyoung.co.kr/cfimages/cf-goods/uploads/images/thumbnails/400/10/0000/0019/A00000019906240ko.jpg?l=ko
유산균,A000000202658,덴프스,[덴프스] 덴마크 유산균이야기 우먼 2개월분(질유산균) + 철분 헤모케어 3포 증정,52000,37050,4.9,999+,"세일, 쿠폰, 오늘드림",https://www.oliveyoung.co.kr/store/goods/getGoodsDetail.do?goodsNo=A000000202658,https://image.oliveyoung.co.kr/cfimages/cf-goods/uploads/images/thumbnails/400/10/0000/0020/A00000020265829ko.jpg?l=ko
유산균,A000000247265,뉴오리진,[호빵맨콜라보] 이너플로라 질유산균 60캡슐+호빵맨 스티커 / 이노시톨콜린 30포,51900,39900,4.9,999+,"세일, 오늘드림",https://www.oliveyoung.co.kr/store/goods/getGoodsDetail.do?goodsNo=A000000247265,https://image.oliveyoung.co.kr/cfimages/cf-goods/uploads/images/thumbnails/400/10/0000/0024/A00000024726512ko.jpg?l=ko
유산균,A000000217101,아이힐,아이힐 비너스 유산균 30캡슐 (+6캡슐) (OY단독) (1개월분),,29900,4.9,999+,오늘드림,https://www.oliveyoung.co.kr/store/goods/getGoodsDetail.do?goodsNo=A000000217101,https://image.oliveyoung.co.kr/cfimages/cf-goods/uploads/images/thumbnails/400/10/0000/0021/A00000021710167ko.jpg?l=ko
유산균,A000000205755,락토핏,락토핏 슬림 30포/더블기획 (15일/30일분),28900,19900,4.8,999+,"세일, 오늘드림",https://www.oliveyoung.co.kr/store/goods/getGoodsDetail.do?goodsNo=A000000205755,https://image.oliveyoung.co.kr/cfimages/cf-goods/uploads/images/thumbnails/400/10/0000/0020/A00000020575539ko.png?l=ko
유산균,A000000249509,지노마스터,[올영단독] 지노마스터 질유산균 70캡슐 (70일분),90000,59000,4.9,100,"세일, 오늘드림",https://www.oliveyoung.co.kr/store/goods/getGoodsDetail.do?goodsNo=A000000249509,https://image.oliveyoung.co.kr/cfimages/cf-goods/uploads/images/thumbnails/400/10/0000/0024/A00000024950901ko.png?l=ko
유산균,B000000140140,덴프스,[덴마크 직수입] 덴프스 덴마크 유산균이야기 3/6박스 (6/12개월분),113400,89000,4.9,265,쿠폰,https://www.oliveyoung.co.kr/store/goods/getGoodsDetail.do?goodsNo=B000000140140,https://image.oliveyoung.co.kr/cfimages/cf-goods/uploads/images/thumbnails/400/10/0000/0014/B00000014014034ko.jpg?l=ko
유산균,A000000167747,비에날씬,BNR17 다이어트 유산균 비에날씬 슬림+ 14포 (2주분),35900,27930,4.7,999+,"세일, 오늘드림",https://www.oliveyoung.co.kr/store/goods/getGoodsDetail.do?goodsNo=A000000167747,https://image.oliveyoung.co.kr/cfimages/cf-goods/uploads/images/thumbnails/400/10/0000/0016/A00000016774711ko.png?l=ko
유산균,A000000248551,뉴오리진,뉴오리진 이너플로라 60캡슐 기획(+ 이노시톨 3포 증정)(2개월분),51900,39900,4.7,14,"세일, 오늘드림",https://www.oliveyoung.co.kr/store/goods/getGoodsDetail.do?goodsNo=A000000248551,https://image.oliveyoung.co.kr/cfimages/cf-goods/uploads/images/thumbnails/400/10/0000/0024/A00000024855104ko.jpg?l=ko
유산균,A000000209512,지노마스터,지노마스터 퀵 질유산균 1개월분 (30포),59000,30900,4.9,283,"세일, 오늘드림",https://www.oliveyoung.co.kr/store/goods/getGoodsDetail.do?goodsNo=A000000209512,https://image.oliveyoung.co.kr/cfimages/cf-goods/uploads/images/thumbnails/400/10/0000/0020/A00000020951212ko.jpg?l=ko
유산균,A000000186204,피토틱스,피토틱스 한국인 질유래 유산균 옐로우 1box (30캡슐/1개월분),,19500,4.8,999+,오늘드림,https://www.oliveyoung.co.kr/store/goods/getGoodsDetail.do?goodsNo=A000000186204,https://image.oliveyoung.co.kr/cfimages/cf-goods/uploads/images/thumbnails/400/10/0000/0018/A00000018620432ko.jpg?l=ko
유산균,A000000179239,바이오코어유산균,CJ 바이오코어 건강한 생유산균 100억 30포+10포 기획 (40일분),,29900,4.8,999+,오늘드림,https://www.oliveyoung.co.kr/store/goods/getGoodsDetail.do?goodsNo=A000000179239,https://image.oliveyoung.co.kr/cfimages/cf-goods/uploads/images/thumbnails/400/10/0000/0017/A00000017923911ko.jpg?l=ko
유산균,A000000227154,것시스,[다이어트 유산균] 것시스 다이어트 B프로 14캡슐 (14일분) / 체지방CUT,25900,18910,5.0,999+,"세일, 쿠폰, 오늘드림",https://www.oliveyoung.co.kr/store/goods/getGoodsDetail.do?goodsNo=A000000227154,https://image.oliveyoung.co.kr/cfimages/cf-goods/uploads/images/thumbnails/400/10/0000/0022/A00000022715419ko.jpg?l=ko
유산균,A000000253149,락토핏,락토핏 골드 30포 (1개월분),11900,8500,4.9,999+,"세일, 오늘드림",https://www.oliveyoung.co.kr/store/goods/getGoodsDetail.do?goodsNo=A000000253149,https://image.oliveyoung.co.kr/cfimages/cf-goods/uploads/images/thumbnails/400/10/0000/0025/A00000025314923ko.jpg?l=ko
유산균,A000000200143,바이오코어유산균,CJ 바이오코어 피부면역유산균 100억 30+10포 / 30캡슐,,27900,4.8,999+,오늘드림,https://www.oliveyoung.co.kr/store/goods/getGoodsDetail.do?goodsNo=A000000200143,https://image.oliveyoung.co.kr/cfimages/cf-goods/uploads/images/thumbnails/400/10/0000/0020/A00000020014333ko.jpg?l=ko
유산균,A000000253202,덴프스,[포켓몬 에디션] 덴프스 유산균이야기 다이어트 14캡슐 기획 (+피카츄 러기지택) (14일분) (OY단독),27000,23600,5.0,999+,"세일, 쿠폰, 오늘드림",https://www.oliveyoung.co.kr/store/goods/getGoodsDetail.do?goodsNo=A000000253202,https://image.oliveyoung.co.kr/cfimages/cf-goods/uploads/images/thumbnails/400/10/0000/0025/A00000025320208ko.jpg?l=ko
유산균,A000000219382,빌드,[비피더스균] 빌드 면역앤 유산균 30포 (1개월분),19800,14900,5.0,999+,"세일, 오늘드림",https://www.oliveyoung.co.kr/store/goods/getGoodsDetail.do?goodsNo=A000000219382,https://image.oliveyoung.co.kr/cfimages/cf-goods/uploads/images/thumbnails/400/10/0000/0021/A00000021938201ko.jpg?l=ko
유산균,A000000189360,덴프스,[덴마크 직수입]덴프스 덴마크 유산균이야기 30캡슐(1개월분),,23000,4.8,999+,오늘드림,https://www.oliveyoung.co.kr/store/goods/getGoodsDetail.do?goodsNo=A000000189360,https://image.oliveyoung.co.kr/cfimages/cf-goods/uploads/images/thumbnails/400/10/0000/0018/A00000018936006ko.jpg?l=ko
유산균,A000000173752,락토핏,락토핏 코어 30포 (1개월분),14900,9900,4.9,999+,"세일, 오늘드림",https://www.oliveyoung.co.kr/store/goods/getGoodsDetail.do?goodsNo=A000000173752,https://image.oliveyoung.co.kr/cfimages/cf-goods/uploads/images/thumbnails/400/10/0000/0017/A00000017375213ko.jpg?l=ko
유산균,A000000246723,바이오리브,바이오리브 킬팻 다이어트 유산균 60캡슐 (1개월분),52000,41600,4.0,9,"쿠폰, 오늘드림",https://www.oliveyoung.co.kr/store/goods/getGoodsDetail.do?goodsNo=A000000246723,https://image.oliveyoung.co.kr/cfimages/cf-goods/uploads/images/thumbnails/400/10/0000/0024/A00000024672301ko.png?l=ko
유산균,A000000200544,바이오코어유산균,[화사 PICK] CJ 바이오코어 구강유산균 30정,27900,16900,4.8,517,"세일, 쿠폰, 오늘드림",https://www.oliveyoung.co.kr/store/goods/getGoodsDetail.do?goodsNo=A000000200544,https://image.oliveyoung.co.kr/cfimages/cf-goods/uploads/images/thumbnails/400/10/0000/0020/A00000020054411ko.jpg?l=ko
유산균,A000000217640,비비랩,비비랩 더블유 이너케어 50억 보장 질 유래 유산균 30캡슐 (1개월분),19900,16900,4.8,999+,"세일, 오늘드림",https://www.oliveyoung.co.kr/store/goods/getGoodsDetail.do?goodsNo=A000000217640,https://image.oliveyoung.co.kr/cfimages/cf-goods/uploads/images/thumbnails/400/10/0000/0021/A00000021764008ko.png?l=ko
유산균,A000000200345,엘레나,엘레나 UREX 프로바이오틱스 15캡슐,24900,15210,4.7,999+,"세일, 쿠폰, 오늘드림",https://www.oliveyoung.co.kr/store/goods/getGoodsDetail.do?goodsNo=A000000200345,https://image.oliveyoung.co.kr/cfimages/cf-goods/uploads/images/thumbnails/400/10/0000/0020/A00000020034505ko.jpg?l=ko
유산균,A000000252622,라엘,라엘 밸런스 질 건강 리스펙타 프로바이오틱스 액티브 30포 (1개월분),56000,29900,4.9,147,"세일, 오늘드림",https://www.oliveyoung.co.kr/store/goods/getGoodsDetail.do?goodsNo=A000000252622,https://image.oliveyoung.co.kr/cfimages/cf-goods/uploads/images/thumbnails/400/10/0000/0025/A00000025262204ko.jpg?l=ko
유산균,A000000237417,바이오코어유산균,[OY단독] CJ 바이오코어 피부면역유산균 30포 (+20포 증정기획) (25일분),,27900,4.8,999+,오늘드림,https://www.oliveyoung.co.kr/store/goods/getGoodsDetail.do?goodsNo=A000000237417,https://image.oliveyoung.co.kr/cfimages/cf-goods/uploads/images/thumbnails/400/10/0000/0023/A00000023741712ko.jpg?l=ko
유산균,A000000240354,바이오코어유산균,CJ 바이오코어 피부면역유산균 100억 30캡슐 (1개월분),,27900,4.9,312,오늘드림,https://www.oliveyoung.co.kr/store/goods/getGoodsDetail.do?goodsNo=A000000240354,https://image.oliveyoung.co.kr/cfimages/cf-goods/uploads/images/thumbnails/400/10/0000/0024/A00000024035412ko.jpg?l=ko
유산균,A000000248719,지노마스터,지노마스터 질유산균/엽산/철분 2종 선물세트 (2개월분),54500,37300,3.6,5,"세일, 오늘드림",https://www.oliveyoung.co.kr/store/goods/getGoodsDetail.do?goodsNo=A000000248719,https://image.oliveyoung.co.kr/cfimages/cf-goods/uploads/images/thumbnails/400/10/0000/0024/A00000024871907ko.jpg?l=ko
유산균,A000000172168,그린몬스터,[50억 보장] 그린몬스터 이너블라썸 질 유래 유산균 30캡슐 (1개월분),25200,17640,4.9,999+,"쿠폰, 오늘드림",https://www.oliveyoung.co.kr/store/goods/getGoodsDetail.do?goodsNo=A000000172168,https://image.oliveyoung.co.kr/cfimages/cf-goods/uploads/images/thumbnails/400/10/0000/0017/A00000017216852ko.jpg?l=ko
유산균,A000000227802,에스더포뮬러,[올영특가] 여에스더 유산균 화이트 30캡슐 (1개월분),,14900,4.8,411,오늘드림,https://www.oliveyoung.co.kr/store/goods/getGoodsDetail.do?goodsNo=A000000227802,https://image.oliveyoung.co.kr/cfimages/cf-goods/uploads/images/thumbnails/400/10/0000/0022/A00000022780208ko.jpg?l=ko
유산균,A000000246111,씨제이웰케어,CJ웰케어 장건강 유산균 30캡슐 (30일분) (OY단독),6900,5900,4.8,296,"세일, 오늘드림",https://www.oliveyoung.co.kr/store/goods/getGoodsDetail.do?goodsNo=A000000246111,https://image.oliveyoung.co.kr/cfimages/cf-goods/uploads/images/thumbnails/400/10/0000/0024/A00000024611104ko.jpg?l=ko
유산균,A000000009415,세노비스,세노비스 수퍼바이오틱스 30캡슐 (1개월분),,38000,4.9,999+,오늘드림,https://www.oliveyoung.co.kr/store/goods/getGoodsDetail.do?goodsNo=A000000009415,https://image.oliveyoung.co.kr/cfimages/cf-goods/uploads/images/thumbnails/400/10/0000/0000/A00000000941512ko.jpg?l=ko
유산균,A000000016359,세노비스,세노비스 키즈 수퍼바이오틱스 30포 (1개월분),,38000,4.9,139,오늘드림,https://www.oliveyoung.co.kr/store/goods/getGoodsDetail.do?goodsNo=A000000016359,https://image.oliveyoung.co.kr/cfimages/cf-goods/uploads/images/thumbnails/400/10/0000/0001/A00000001635911ko.jpg?l=ko
유산균,A000000112011,세노비스,세노비스 수퍼바이오틱스 더블 기획 (30캡슐+30캡슐),76000,49900,4.9,999+,"세일, 오늘드림",https://www.oliveyoung.co.kr/store/goods/getGoodsDetail.do?goodsNo=A000000112011,https://image.oliveyoung.co.kr/cfimages/cf-goods/uploads/images/thumbnails/400/10/0000/0011/A00000011201120ko.jpg?l=ko
유산균,A000000112692,세노비스,세노비스 슈퍼바이오틱스+철분 30캡슐 (1개월분),,41000,4.8,576,오늘드림,https://www.oliveyoung.co.kr/store/goods/getGoodsDetail.do?goodsNo=A000000112692,https://image.oliveyoung.co.kr/cfimages/cf-goods/uploads/images/thumbnails/400/10/0000/0011/A00000011269209ko.jpg?l=ko
유산균,A000000113627,세노비스,세노비스 수퍼바이오틱스 60캡슐 (2개월분),68000,47600,4.9,999+,"세일, 오늘드림",https://www.oliveyoung.co.kr/store/goods/getGoodsDetail.do?goodsNo=A000000113627,https://image.oliveyoung.co.kr/cfimages/cf-goods/uploads/images/thumbnails/400/10/0000/0011/A00000011362708ko.jpg?l=ko
유산균,A000000124177,세노비스,세노비스 키즈 수퍼바이오틱스 더블 기획 (30포+30포),,76000,4.9,139,오늘드림,https://www.oliveyoung.co.kr/store/goods/getGoodsDetail.do?goodsNo=A000000124177,https://image.oliveyoung.co.kr/cfimages/cf-goods/uploads/images/thumbnails/400/10/0000/0012/A00000012417710ko.jpg?l=ko
유산균,A000000128450,종근당건강,종근당건강 프리바이오틱스 30포 (1개월분),,15900,4.8,999+,오늘드림,https://www.oliveyoung.co.kr/store/goods/getGoodsDetail.do?goodsNo=A000000128450,https://image.oliveyoung.co.kr/cfimages/cf-goods/uploads/images/thumbnails/400/10/0000/0012/A00000012845005ko.jpg?l=ko
유산균,A000000132713,뉴트리원라이프,뉴트리원라이프 프리미엄 프리바이오틱스 30포 (1개월분),,12800,4.8,209,오늘드림,https://www.oliveyoung.co.kr/store/goods/getGoodsDetail.do?goodsNo=A000000132713,https://image.oliveyoung.co.kr/cfimages/cf-goods/uploads/images/thumbnails/400/10/0000/0013/A00000013271302ko.jpg?l=ko
유산균,A000000141645,뉴트리원라이프,뉴트리원라이프 프로&프리바이오틱스 30포 (1개월분),17800,14800,4.7,203,"세일, 오늘드림",https://www.oliveyoung.co.kr/store/goods/getGoodsDetail.do?goodsNo=A000000141645,https://image.oliveyoung.co.kr/cfimages/cf-goods/uploads/images/thumbnails/400/10/0000/0014/A00000014164511ko.png?l=ko
유산균,A000000142812,비비랩,비비랩 저분자콜라겐 유산균 50포 (25일분),17900,13900,4.8,361,"세일, 오늘드림",https://www.oliveyoung.co.kr/store/goods/getGoodsDetail.do?goodsNo=A000000142812,https://image.oliveyoung.co.kr/cfimages/cf-goods/uploads/images/thumbnails/400/10/0000/0014/A00000014281213ko.png?l=ko
유산균,A000000144234,세노비스,세노비스 프로바이오틱스 데일리 30포 (1개월분),22000,12900,4.7,999+,"세일, 오늘드림",https://www.oliveyoung.co.kr/store/goods/getGoodsDetail.do?goodsNo=A000000144234,https://image.oliveyoung.co.kr/cfimages/cf-goods/uploads/images/thumbnails/400/10/0000/0014/A00000014423403ko.jpg?l=ko
유산균,A000000156606,블랙모어스,블랙모어스 장 건강 프로바이오틱스 플러스 100억 유산균 30캡슐 (1개월분),,27500,4.8,339,오늘드림,https://www.oliveyoung.co.kr/store/goods/getGoodsDetail.do?goodsNo=A000000156606,https://image.oliveyoung.co.kr/cfimages/cf-goods/uploads/images/thumbnails/400/10/0000/0015/A00000015660601ko.jpg?l=ko
유산균,A000000156962,블랙모어스,블랙모어스 장 건강 프로바이오틱스 플러스 100억 유산균 30캡슐+30캡슐 (2개월분),,53900,4.8,339,오늘드림,https://www.oliveyoung.co.kr/store/goods/getGoodsDetail.do?goodsNo=A000000156962,https://image.oliveyoung.co.kr/cfimages/cf-goods/uploads/images/thumbnails/400/10/0000/0015/A00000015696202ko.jpg?l=ko
유산균,A000000158598,바이탈뷰티,[청포도맛] 바이탈뷰티 녹차에서 온 유산균 (60일),28000,18620,4.4,60,"쿠폰, 오늘드림",https://www.oliveyoung.co.kr/store/goods/getGoodsDetail.do?goodsNo=A000000158598,https://image.oliveyoung.co.kr/cfimages/cf-goods/uploads/images/thumbnails/400/10/0000/0015/A00000015859813ko.jpg?l=ko
유산균,A000000158888,데이즈온,데이즈온 오한진 프리바이오틱스 FOS 트리플 30포 (1개월분),21900,13140,4.8,414,"세일, 오늘드림",https://www.oliveyoung.co.kr/store/goods/getGoodsDetail.do?goodsNo=A000000158888,https://image.oliveyoung.co.kr/cfimages/cf-goods/uploads/images/thumbnails/400/10/0000/0015/A00000015888802ko.jpg?l=ko
유산균,A000000165553,이너랩,셀트리온 이너랩 면역 & 뼈건강 50억 유산균 30포 (1개월분),27000,17960,4.8,28,"세일, 쿠폰, 오늘드림",https://www.oliveyoung.co.kr/store/goods/getGoodsDetail.do?goodsNo=A000000165553,https://image.oliveyoung.co.kr/cfimages/cf-goods/uploads/images/thumbnails/400/10/0000/0016/A00000016555308ko.jpg?l=ko
유산균,A000000165656,고려은단,고려은단 신바이오틱스 프로바이오틱스&프리바이오틱스 30포 (1개월분),15900,13900,4.8,438,"세일, 오늘드림",https://www.oliveyoung.co.kr/store/goods/getGoodsDetail.do?goodsNo=A000000165656,https://image.oliveyoung.co.kr/cfimages/cf-goods/uploads/images/thumbnails/400/10/0000/0016/A00000016565603ko.jpg?l=ko
유산균,A000000166089,락티브,락티브 시크릿 유산균 20입 (20일분),22000,14900,4.9,999+,"세일, 오늘드림",https://www.oliveyoung.co.kr/store/goods/getGoodsDetail.do?goodsNo=A000000166089,https://image.oliveyoung.co.kr/cfimages/cf-goods/uploads/images/thumbnails/400/10/0000/0016/A00000016608904ko.jpg?l=ko
유산균,A000000167744,락티브,락티브 시크릿케어 유산균 120캡슐 (4개월분),,99000,4.9,999+,오늘드림,https://www.oliveyoung.co.kr/store/goods/getGoodsDetail.do?goodsNo=A000000167744,https://image.oliveyoung.co.kr/cfimages/cf-goods/uploads/images/thumbnails/400/10/0000/0016/A00000016774403ko.jpg?l=ko
유산균,A000000167754,락티브,락티브 프로바이오틱스 패밀리 유산균 120캡슐 (4개월분),99000,91900,5.0,999+,"세일, 오늘드림",https://www.oliveyoung.co.kr/store/goods/getGoodsDetail.do?goodsNo=A000000167754,https://image.oliveyoung.co.kr/cfimages/cf-goods/uploads/images/thumbnails/400/10/0000/0016/A00000016775404ko.jpg?l=ko
유산균,A000000169896,에치와이,에치와이 야쿠르트 프로바이오틱스 60포 (60일분),26600,21280,4.8,999+,쿠폰,https://www.oliveyoung.co.kr/store/goods/getGoodsDetail.do?goodsNo=A000000169896,https://image.oliveyoung.co.kr/cfimages/cf-goods/uploads/images/thumbnails/400/10/0000/0016/A00000016989604ko.jpg?l=ko
유산균,A000000171448,락티브,"락티브 유산균 (4개월분) (패밀리, 시크릿케어 중 택1)",99000,91900,4.9,999+,"세일, 오늘드림",https://www.oliveyoung.co.kr/store/goods/getGoodsDetail.do?goodsNo=A000000171448,https://image.oliveyoung.co.kr/cfimages/cf-goods/uploads/images/thumbnails/400/10/0000/0017/A00000017144805ko.jpg?l=ko
유산균,A000000171560,락토핏,락토핏 솔루션1 (둔감한 장) (30일분),29900,21900,4.7,382,"세일, 오늘드림",https://www.oliveyoung.co.kr/store/goods/getGoodsDetail.do?goodsNo=A000000171560,https://image.oliveyoung.co.kr/cfimages/cf-goods/uploads/images/thumbnails/400/10/0000/0017/A00000017156011ko.jpg?l=ko
유산균,A000000171564,락토핏,락토핏 솔루션1 (둔감한 장)/락토핏 솔루션 2 (예민한 장) 2개 중 택1  (30일분),29900,21900,4.7,999+,"세일, 오늘드림",https://www.oliveyoung.co.kr/store/goods/getGoodsDetail.do?goodsNo=A000000171564,https://image.oliveyoung.co.kr/cfimages/cf-goods/uploads/images/thumbnails/400/10/0000/0017/A00000017156418ko.jpg?l=ko
유산균,A000000171566,락토핏,락토핏 솔루션2 (예민한 장) (30일분),,29900,4.8,654,오늘드림,https://www.oliveyoung.co.kr/store/goods/getGoodsDetail.do?goodsNo=A000000171566,https://image.oliveyoung.co.kr/cfimages/cf-goods/uploads/images/thumbnails/400/10/0000/0017/A00000017156616ko.jpg?l=ko
유산균,A000000172355,락토톡,락토톡 생유산균 +C 60포 (2개월분),22900,13740,4.8,33,"세일, 오늘드림",https://www.oliveyoung.co.kr/store/goods/getGoodsDetail.do?goodsNo=A000000172355,https://image.oliveyoung.co.kr/cfimages/cf-goods/uploads/images/thumbnails/400/10/0000/0017/A00000017235501ko.jpg?l=ko
유산균,A000000173738,락토핏,락토핏 이브 30포 (15일분),14900,11900,4.8,943,"세일, 오늘드림",https://www.oliveyoung.co.kr/store/goods/getGoodsDetail.do?goodsNo=A000000173738,https://image.oliveyoung.co.kr/cfimages/cf-goods/uploads/images/thumbnails/400/10/0000/0017/A00000017373816ko.jpg?l=ko
유산균,A000000173813,락토핏,락토핏 슬림 30포 (15일분),14900,12900,4.8,999+,"세일, 오늘드림",https://www.oliveyoung.co.kr/store/goods/getGoodsDetail.do?goodsNo=A000000173813,https://image.oliveyoung.co.kr/cfimages/cf-goods/uploads/images/thumbnails/400/10/0000/0017/A00000017381311ko.jpg?l=ko
유산균,A000000173816,락토핏,락토핏 베베 60포 (2개월분),,25900,4.9,122,오늘드림,https://www.oliveyoung.co.kr/store/goods/getGoodsDetail.do?goodsNo=A000000173816,https://image.oliveyoung.co.kr/cfimages/cf-goods/uploads/images/thumbnails/400/10/0000/0017/A00000017381611ko.jpg?l=ko
유산균,A000000173819,락토핏,락토핏 키즈 60포  (2개월분),27900,17900,4.8,236,"세일, 오늘드림",https://www.oliveyoung.co.kr/store/goods/getGoodsDetail.do?goodsNo=A000000173819,https://image.oliveyoung.co.kr/cfimages/cf-goods/uploads/images/thumbnails/400/10/0000/0017/A00000017381910ko.jpg?l=ko
유산균,A000000173821,락토핏,락토핏 맘스 60포 (2개월분),,32900,4.9,217,오늘드림,https://www.oliveyoung.co.kr/store/goods/getGoodsDetail.do?goodsNo=A000000173821,https://image.oliveyoung.co.kr/cfimages/cf-goods/uploads/images/thumbnails/400/10/0000/0017/A00000017382112ko.jpg?l=ko
유산균,A000000174288,락토핏,락토핏 뷰티 30포 (15일분),21900,16900,4.7,537,"세일, 오늘드림",https://www.oliveyoung.co.kr/store/goods/getGoodsDetail.do?goodsNo=A000000174288,https://image.oliveyoung.co.kr/cfimages/cf-goods/uploads/images/thumbnails/400/10/0000/0017/A00000017428827ko.jpg?l=ko
유산균,A000000177761,에치와이,에치와이 야쿠르트 프로바이오틱스 30포 (30일분),,14000,4.8,999+,오늘드림,https://www.oliveyoung.co.kr/store/goods/getGoodsDetail.do?goodsNo=A000000177761,https://image.oliveyoung.co.kr/cfimages/cf-goods/uploads/images/thumbnails/400/10/0000/0017/A00000017776103ko.jpg?l=ko
유산균,A000000179253,바이오코어유산균,CJ BYOCORE 데일리 유산균 30포 (1개월분),,11000,4.8,999+,오늘드림,https://www.oliveyoung.co.kr/store/goods/getGoodsDetail.do?goodsNo=A000000179253,https://image.oliveyoung.co.kr/cfimages/cf-goods/uploads/images/thumbnails/400/10/0000/0017/A00000017925311ko.jpg?l=ko
유산균,A000000186150,뉴오리진,[질유산균] 유한건강생활 덴마크 이너플로라 유산균 UREX프로바이오틱스,89000,72000,4.8,999+,"세일, 오늘드림",https://www.oliveyoung.co.kr/store/goods/getGoodsDetail.do?goodsNo=A000000186150,https://image.oliveyoung.co.kr/cfimages/cf-goods/uploads/images/thumbnails/400/10/0000/0018/A00000018615025ko.jpg?l=ko
유산균,A000000188377,라엘,라엘 밸런스 질건강 리스펙타 프로바이오틱스 30캡슐 (30일분),,55000,4.6,111,오늘드림,https://www.oliveyoung.co.kr/store/goods/getGoodsDetail.do?goodsNo=A000000188377,https://image.oliveyoung.co.kr/cfimages/cf-goods/uploads/images/thumbnails/400/10/0000/0018/A00000018837702ko.jpg?l=ko
유산균,A000000188462,엔젯오리진,엔젯오리진 오랄 오리진 프로바이오틱스 30정 (30일분),29900,24900,4.8,8,"세일, 쿠폰, 오늘드림",https://www.oliveyoung.co.kr/store/goods/getGoodsDetail.do?goodsNo=A000000188462,https://image.oliveyoung.co.kr/cfimages/cf-goods/uploads/images/thumbnails/400/10/0000/0018/A00000018846203ko.jpg?l=ko
유산균,A000000188573,바이오가이아,바이오가이아 프로텍티스 이지 드롭 프로바이오틱스+비타민D 10ml (2개월분),84000,64100,4.9,145,"세일, 오늘드림",https://www.oliveyoung.co.kr/store/goods/getGoodsDetail.do?goodsNo=A000000188573,https://image.oliveyoung.co.kr/cfimages/cf-goods/uploads/images/thumbnails/400/10/0000/0018/A00000018857304ko.jpg?l=ko
유산균,A000000188574,바이오가이아,바이오가이아 프로텍티스 베이비 드롭 프로바이오틱스 5ml (1개월분),,42000,4.9,60,오늘드림,https://www.oliveyoung.co.kr/store/goods/getGoodsDetail.do?goodsNo=A000000188574,https://image.oliveyoung.co.kr/cfimages/cf-goods/uploads/images/thumbnails/400/10/0000/0018/A00000018857404ko.jpg?l=ko
유산균,A000000188577,바이오가이아,바이오가이아 프로텍티스 프로바이오틱스 캡슐 30정 (30일분),51000,37200,5.0,1,"세일, 오늘드림",https://www.oliveyoung.co.kr/store/goods/getGoodsDetail.do?goodsNo=A000000188577,https://image.oliveyoung.co.kr/cfimages/cf-goods/uploads/images/thumbnails/400/10/0000/0018/A00000018857703ko.jpg?l=ko
유산균,A000000188579,바이오가이아,바이오가이아 프로텍티스 프로바이오틱스 비타민 D 타블렛 30정 (30일분),,39000,4.3,24,오늘드림,https://www.oliveyoung.co.kr/store/goods/getGoodsDetail.do?goodsNo=A000000188579,https://image.oliveyoung.co.kr/cfimages/cf-goods/uploads/images/thumbnails/400/10/0000/0018/A00000018857903ko.jpg?l=ko
유산균,A000000195967,뉴오리진,[질유산균] 뉴오리진 이너플로라 트리플 선물세트 30캡슐 *3박스 (90일분),89000,72000,4.8,999+,"세일, 오늘드림",https://www.oliveyoung.co.kr/store/goods/getGoodsDetail.do?goodsNo=A000000195967,https://image.oliveyoung.co.kr/cfimages/cf-goods/uploads/images/thumbnails/400/10/0000/0019/A00000019596720ko.jpg?l=ko
유산균,A000000200522,바이오코어유산균,[화사 PICK] CJ 바이오코어 다이어트 100억 유산균 단품(30캡슐) (1개월분),52900,39900,4.8,173,"세일, 오늘드림",https://www.oliveyoung.co.kr/store/goods/getGoodsDetail.do?goodsNo=A000000200522,https://image.oliveyoung.co.kr/cfimages/cf-goods/uploads/images/thumbnails/400/10/0000/0020/A00000020052217ko.jpg?l=ko
유산균,A000000200523,바이오코어유산균,CJ 바이오코어 이너케어 질건강 유산균 30+3캡슐 (단품/기획),,44900,4.9,999+,오늘드림,https://www.oliveyoung.co.kr/store/goods/getGoodsDetail.do?goodsNo=A000000200523,https://image.oliveyoung.co.kr/cfimages/cf-goods/uploads/images/thumbnails/400/10/0000/0020/A00000020052319ko.jpg?l=ko
유산균,A000000201710,메디트리,메디트리 포켓 치카 구강유산균 밸런스 30정(1개월분),18900,14130,4.9,723,"세일, 쿠폰, 오늘드림",https://www.oliveyoung.co.kr/store/goods/getGoodsDetail.do?goodsNo=A000000201710,https://image.oliveyoung.co.kr/cfimages/cf-goods/uploads/images/thumbnails/400/10/0000/0020/A00000020171010ko.jpg?l=ko
유산균,A000000203718,덴프스,덴마크 유산균이야기 30캡슐 1+1기획 (+트루바이타민 3포 증정) (60일분),,40000,4.8,999+,오늘드림,https://www.oliveyoung.co.kr/store/goods/getGoodsDetail.do?goodsNo=A000000203718,https://image.oliveyoung.co.kr/cfimages/cf-goods/uploads/images/thumbnails/400/10/0000/0020/A00000020371823ko.jpg?l=ko
유산균,A000000209513,지노마스터,마스터바이옴 더블마스터 장앤스킨 피부유산균 1개월분,38400,34000,4.7,387,"세일, 오늘드림",https://www.oliveyoung.co.kr/store/goods/getGoodsDetail.do?goodsNo=A000000209513,https://image.oliveyoung.co.kr/cfimages/cf-goods/uploads/images/thumbnails/400/10/0000/0020/A00000020951313ko.jpg?l=ko
유산균,A000000210915,트루알엑스,트루알엑스 지노프로바이오틱스 리스펙타 여성 질건강 유산균 30캡슐 (30일분),,39000,4.6,8,오늘드림,https://www.oliveyoung.co.kr/store/goods/getGoodsDetail.do?goodsNo=A000000210915,https://image.oliveyoung.co.kr/cfimages/cf-goods/uploads/images/thumbnails/400/10/0000/0021/A00000021091510ko.jpg?l=ko
유산균,A000000212673,그린몬스터,[20억 보장] 그린몬스터 혈당관리 유산균 하루 큐 30캡슐 (1개월분),25200,15900,4.9,128,"세일, 오늘드림",https://www.oliveyoung.co.kr/store/goods/getGoodsDetail.do?goodsNo=A000000212673,https://image.oliveyoung.co.kr/cfimages/cf-goods/uploads/images/thumbnails/400/10/0000/0021/A00000021267318ko.jpg?l=ko
유산균,A000000213321,위아바임,[여성 질 유산균] 위아바임 낙산균 프로바이오틱스 더블유 30포 (30일분),29900,24900,4.9,117,"세일, 오늘드림",https://www.oliveyoung.co.kr/store/goods/getGoodsDetail.do?goodsNo=A000000213321,https://image.oliveyoung.co.kr/cfimages/cf-goods/uploads/images/thumbnails/400/10/0000/0021/A00000021332106ko.jpg?l=ko
유산균,A000000214327,네추럴라이즈,네추럴라이즈 더 퍼펙트 100억 생 유산균 (60일분),,29900,4.6,55,오늘드림,https://www.oliveyoung.co.kr/store/goods/getGoodsDetail.do?goodsNo=A000000214327,https://image.oliveyoung.co.kr/cfimages/cf-goods/uploads/images/thumbnails/400/10/0000/0021/A00000021432709ko.jpg?l=ko
유산균,A000000214332,네추럴라이즈,네추럴라이즈 포스트바이오틱스 유산균 꾸미 포도요거트 맛  (30일분),20900,14630,4.9,150,"세일, 오늘드림",https://www.oliveyoung.co.kr/store/goods/getGoodsDetail.do?goodsNo=A000000214332,https://image.oliveyoung.co.kr/cfimages/cf-goods/uploads/images/thumbnails/400/10/0000/0021/A00000021433210ko.jpg?l=ko
유산균,A000000215068,엘레뉴,엘레뉴 프로바이오틱스 30캡슐 (30일분),37900,34100,5.0,36,"세일, 오늘드림",https://www.oliveyoung.co.kr/store/goods/getGoodsDetail.do?goodsNo=A000000215068,https://image.oliveyoung.co.kr/cfimages/cf-goods/uploads/images/thumbnails/400/10/0000/0021/A00000021506804ko.jpg?l=ko
유산균,A000000217097,아이힐,아이힐 라인엔 유산균 (30일분),,34900,4.8,31,오늘드림,https://www.oliveyoung.co.kr/store/goods/getGoodsDetail.do?goodsNo=A000000217097,https://image.oliveyoung.co.kr/cfimages/cf-goods/uploads/images/thumbnails/400/10/0000/0021/A00000021709705ko.jpg?l=ko
유산균,A000000217100,아이힐,아이힐 비너스 유산균 스틱 (30일분),,29900,4.8,32,오늘드림,https://www.oliveyoung.co.kr/store/goods/getGoodsDetail.do?goodsNo=A000000217100,https://image.oliveyoung.co.kr/cfimages/cf-goods/uploads/images/thumbnails/400/10/0000/0021/A00000021710003ko.jpg?l=ko
유산균,A000000217104,아이힐,아이힐 키즈락 유산균 (30포),,25900,5.0,21,오늘드림,https://www.oliveyoung.co.kr/store/goods/getGoodsDetail.do?goodsNo=A000000217104,https://image.oliveyoung.co.kr/cfimages/cf-goods/uploads/images/thumbnails/400/10/0000/0021/A00000021710404ko.jpg?l=ko
유산균,A000000217212,닥터아돌,닥터아돌 히알바이오틱스 질 유래 유산균 30개입 (30일분),,45000,4.8,283,오늘드림,https://www.oliveyoung.co.kr/store/goods/getGoodsDetail.do?goodsNo=A000000217212,https://image.oliveyoung.co.kr/cfimages/cf-goods/uploads/images/thumbnails/400/10/0000/0021/A00000021721213ko.png?l=ko
유산균,A000000218079,엔젯오리진,엔젯오리진 모유유산균 100 30캡슐 (30일분),21900,18900,5.0,13,"세일, 오늘드림",https://www.oliveyoung.co.kr/store/goods/getGoodsDetail.do?goodsNo=A000000218079,https://image.oliveyoung.co.kr/cfimages/cf-goods/uploads/images/thumbnails/400/10/0000/0021/A00000021807905ko.jpg?l=ko
유산균,A000000218081,닥터아돌,닥터아돌 블랙 프로바이오틱스 30캡슐 (30일분),36900,31360,4.2,10,"세일, 오늘드림",https://www.oliveyoung.co.kr/store/goods/getGoodsDetail.do?goodsNo=A000000218081,https://image.oliveyoung.co.kr/cfimages/cf-goods/uploads/images/thumbnails/400/10/0000/0021/A00000021808116ko.png?l=ko
유산균,A000000219026,락토핏,락토핏 당케어 60포 (2개월분),22900,19900,4.9,222,"세일, 오늘드림",https://www.oliveyoung.co.kr/store/goods/getGoodsDetail.do?goodsNo=A000000219026,https://image.oliveyoung.co.kr/cfimages/cf-goods/uploads/images/thumbnails/400/10/0000/0021/A00000021902622ko.jpg?l=ko
유산균,A000000222615,에스더포뮬러,에스더포뮬러 닥터에스더 리스펙타 질유산균 30캡슐 (1개월분),,45500,4.4,98,오늘드림,https://www.oliveyoung.co.kr/store/goods/getGoodsDetail.do?goodsNo=A000000222615,https://image.oliveyoung.co.kr/cfimages/cf-goods/uploads/images/thumbnails/400/10/0000/0022/A00000022261507ko.jpg?l=ko
유산균,A000000223419,피토틱스,피토틱스 레드 30포 1박스 (2주분),21000,18900,5.0,7,"세일, 오늘드림",https://www.oliveyoung.co.kr/store/goods/getGoodsDetail.do?goodsNo=A000000223419,https://image.oliveyoung.co.kr/cfimages/cf-goods/uploads/images/thumbnails/400/10/0000/0022/A00000022341901ko.jpg?l=ko
유산균,A000000224407,비피움,[비피더스 유산균]비피움 비쓰리 다이어트 28캡슐 (4주분),69000,53900,4.9,238,"세일, 오늘드림",https://www.oliveyoung.co.kr/store/goods/getGoodsDetail.do?goodsNo=A000000224407,https://image.oliveyoung.co.kr/cfimages/cf-goods/uploads/images/thumbnails/400/10/0000/0022/A00000022440702ko.png?l=ko
유산균,A000000225143,테일러,테일러라이프 프로바이오틱스 센서티브 유산균 30캡슐 (1개월분),29000,20300,5.0,67,"세일, 오늘드림",https://www.oliveyoung.co.kr/store/goods/getGoodsDetail.do?goodsNo=A000000225143,https://image.oliveyoung.co.kr/cfimages/cf-goods/uploads/images/thumbnails/400/10/0000/0022/A00000022514306ko.jpg?l=ko
유산균,A000000225666,락토핏,락토핏 다이어트 60포 (1개월분),,26900,4.9,80,오늘드림,https://www.oliveyoung.co.kr/store/goods/getGoodsDetail.do?goodsNo=A000000225666,https://image.oliveyoung.co.kr/cfimages/cf-goods/uploads/images/thumbnails/400/10/0000/0022/A00000022566620ko.jpg?l=ko
유산균,A000000225948,바이오코어유산균,[화사 Pick] CJ BYOCORE 혈당케어 유산균 30캡슐 (1개월분),,40000,4.6,13,오늘드림,https://www.oliveyoung.co.kr/store/goods/getGoodsDetail.do?goodsNo=A000000225948,https://image.oliveyoung.co.kr/cfimages/cf-goods/uploads/images/thumbnails/400/10/0000/0022/A00000022594805ko.jpg?l=ko
유산균,A000000225949,바이오코어유산균,CJ BYOCORE 건강한 생 유산균 키즈 300억 유산균 60포 (1개월분),,29500,4.7,11,오늘드림,https://www.oliveyoung.co.kr/store/goods/getGoodsDetail.do?goodsNo=A000000225949,https://image.oliveyoung.co.kr/cfimages/cf-goods/uploads/images/thumbnails/400/10/0000/0022/A00000022594901ko.jpg?l=ko
유산균,A000000226089,이너랩,셀트리온 이너랩 365 와이케어 유산균 30캡슐 (1개월분),14100,11310,4.7,193,"세일, 쿠폰, 오늘드림",https://www.oliveyoung.co.kr/store/goods/getGoodsDetail.do?goodsNo=A000000226089,https://image.oliveyoung.co.kr/cfimages/cf-goods/uploads/images/thumbnails/400/10/0000/0022/A00000022608901ko.jpg?l=ko
유산균,A000000227187,것시스,것시스 이지 픽 프로바이오틱스 30포 (1개월분) / 온 가족 데일리 유산균,12900,10450,5.0,601,"세일, 쿠폰, 오늘드림",https://www.oliveyoung.co.kr/store/goods/getGoodsDetail.do?goodsNo=A000000227187,https://image.oliveyoung.co.kr/cfimages/cf-goods/uploads/images/thumbnails/400/10/0000/0022/A00000022718711ko.jpg?l=ko
유산균,A000000227742,것시스,"것시스 혈당 컷 프로 28캡슐 (28일분) / 혈당 유산균, 식후 혈당 케어",25900,21380,5.0,3,"세일, 쿠폰, 오늘드림",https://www.oliveyoung.co.kr/store/goods/getGoodsDetail.do?goodsNo=A000000227742,https://image.oliveyoung.co.kr/cfimages/cf-goods/uploads/images/thumbnails/400/10/0000/0022/A00000022774218ko.png?l=ko
유산균,A000000227750,것시스,"것시스 이뮨 프로 28캡슐 (28일분) / 면역 유산균, 면역&장케어",29900,25560,4.3,7,"세일, 쿠폰, 오늘드림",https://www.oliveyoung.co.kr/store/goods/getGoodsDetail.do?goodsNo=A000000227750,https://image.oliveyoung.co.kr/cfimages/cf-goods/uploads/images/thumbnails/400/10/0000/0022/A00000022775016ko.jpg?l=ko
유산균,A000000228107,메디트리,메디트리 덴마크 유산균 골드 30캡슐 (1개월분),13900,12510,4.5,10,"쿠폰, 오늘드림",https://www.oliveyoung.co.kr/store/goods/getGoodsDetail.do?goodsNo=A000000228107,https://image.oliveyoung.co.kr/cfimages/cf-goods/uploads/images/thumbnails/400/10/0000/0022/A00000022810702ko.jpg?l=ko
유산균,A000000229369,트루락,트루락 키즈업 30포,32000,26000,5.0,4,"세일, 오늘드림",https://www.oliveyoung.co.kr/store/goods/getGoodsDetail.do?goodsNo=A000000229369,https://image.oliveyoung.co.kr/cfimages/cf-goods/uploads/images/thumbnails/400/10/0000/0022/A00000022936901ko.jpg?l=ko
유산균,A000000229721,지노마스터,지노마스터 프라임 유산균 30캡슐 (1개월분),48000,37500,4.8,27,"세일, 오늘드림",https://www.oliveyoung.co.kr/store/goods/getGoodsDetail.do?goodsNo=A000000229721,https://image.oliveyoung.co.kr/cfimages/cf-goods/uploads/images/thumbnails/400/10/0000/0022/A00000022972105ko.jpg?l=ko
유산균,A000000230883,네추럴라이즈,네추럴라이즈 노티드 포스트바이오틱스 유산균 꾸미 60개 (1개월분),19900,16910,4.9,221,"세일, 오늘드림",https://www.oliveyoung.co.kr/store/goods/getGoodsDetail.do?goodsNo=A000000230883,https://image.oliveyoung.co.kr/cfimages/cf-goods/uploads/images/thumbnails/400/10/0000/0023/A00000023088301ko.jpg?l=ko
유산균,A000000231573,고려은단,고려은단 프로바이오틱스 유산균 스페셜핏 30캡슐 (1개월분),,16900,4.7,26,오늘드림,https://www.oliveyoung.co.kr/store/goods/getGoodsDetail.do?goodsNo=A000000231573,https://image.oliveyoung.co.kr/cfimages/cf-goods/uploads/images/thumbnails/400/10/0000/0023/A00000023157305ko.jpg?l=ko
유산균,A000000231629,닥터아돌,닥터아돌 베이비 FeD 유산균 30포 (30일분),34900,29660,4.0,10,"세일, 오늘드림",https://www.oliveyoung.co.kr/store/goods/getGoodsDetail.do?goodsNo=A000000231629,https://image.oliveyoung.co.kr/cfimages/cf-goods/uploads/images/thumbnails/400/10/0000/0023/A00000023162910ko.png?l=ko
유산균,A000000231660,세노비스,세노비스 프로바이오틱스 데일리 30포 트윈세트 (2개월분),,44000,4.7,999+,오늘드림,https://www.oliveyoung.co.kr/store/goods/getGoodsDetail.do?goodsNo=A000000231660,https://image.oliveyoung.co.kr/cfimages/cf-goods/uploads/images/thumbnails/400/10/0000/0023/A00000023166001ko.jpg?l=ko
유산균,A000000232112,메디트리,메디트리 당케어 앤 유산균 60포 (2개월분),18400,16200,4.3,3,"세일, 쿠폰, 오늘드림",https://www.oliveyoung.co.kr/store/goods/getGoodsDetail.do?goodsNo=A000000232112,https://image.oliveyoung.co.kr/cfimages/cf-goods/uploads/images/thumbnails/400/10/0000/0023/A00000023211210ko.jpg?l=ko
유산균,A000000232128,메디트리,메디트리 산양유 단백질 분말 스틱 30포 (1개월분),9800,9600,4.5,14,"세일, 오늘드림",https://www.oliveyoung.co.kr/store/goods/getGoodsDetail.do?goodsNo=A000000232128,https://image.oliveyoung.co.kr/cfimages/cf-goods/uploads/images/thumbnails/400/10/0000/0023/A00000023212801ko.jpg?l=ko
유산균,A000000232130,메디트리,메디트리 프로바이오틱스 액티브 30포 (1개월분),,6900,4.9,25,오늘드림,https://www.oliveyoung.co.kr/store/goods/getGoodsDetail.do?goodsNo=A000000232130,https://image.oliveyoung.co.kr/cfimages/cf-goods/uploads/images/thumbnails/400/10/0000/0023/A00000023213001ko.jpg?l=ko
유산균,A000000232137,메디트리,메디트리 락토 프로바이오 생유산균17 아연 60포 (2개월분),13900,13020,5.0,8,"세일, 쿠폰, 오늘드림",https://www.oliveyoung.co.kr/store/goods/getGoodsDetail.do?goodsNo=A000000232137,https://image.oliveyoung.co.kr/cfimages/cf-goods/uploads/images/thumbnails/400/10/0000/0023/A00000023213701ko.jpg?l=ko
유산균,A000000232287,가꾸기,가꾸기 피부케어 & 비피더스 유산균 15포 (15일분),26900,24900,4.9,10,"세일, 오늘드림",https://www.oliveyoung.co.kr/store/goods/getGoodsDetail.do?goodsNo=A000000232287,https://image.oliveyoung.co.kr/cfimages/cf-goods/uploads/images/thumbnails/400/10/0000/0023/A00000023228701ko.png?l=ko
유산균,A000000232290,가꾸기,가꾸기 피부케어 & 비피더스 유산균 30포 (1개월분),49500,45900,4.9,10,"세일, 오늘드림",https://www.oliveyoung.co.kr/store/goods/getGoodsDetail.do?goodsNo=A000000232290,https://image.oliveyoung.co.kr/cfimages/cf-goods/uploads/images/thumbnails/400/10/0000/0023/A00000023229001ko.png?l=ko
유산균,A000000232630,네츄럴굿띵스,네츄럴굿띵스 생생낙산균 프로바이오틱스 7포 (7일분),8900,7900,5.0,699,"세일, 오늘드림",https://www.oliveyoung.co.kr/store/goods/getGoodsDetail.do?goodsNo=A000000232630,https://image.oliveyoung.co.kr/cfimages/cf-goods/uploads/images/thumbnails/400/10/0000/0023/A00000023263008ko.jpg?l=ko
유산균,A000000232964,락티브,락티브 베이비 우리아이 첫 유산균 30포 (1개월분),24000,22600,5.0,58,"세일, 오늘드림",https://www.oliveyoung.co.kr/store/goods/getGoodsDetail.do?goodsNo=A000000232964,https://image.oliveyoung.co.kr/cfimages/cf-goods/uploads/images/thumbnails/400/10/0000/0023/A00000023296406ko.jpg?l=ko
유산균,A000000233379,대원제약,대원제약 면역 장대원 30포 (1개월분),14500,7130,5.0,2,"세일, 쿠폰, 오늘드림",https://www.oliveyoung.co.kr/store/goods/getGoodsDetail.do?goodsNo=A000000233379,https://image.oliveyoung.co.kr/cfimages/cf-goods/uploads/images/thumbnails/400/10/0000/0023/A00000023337902ko.jpg?l=ko
유산균,A000000233395,대원제약,대원제약 유기농 장대원 30포 (1개월분),,19300,,,오늘드림,https://www.oliveyoung.co.kr/store/goods/getGoodsDetail.do?goodsNo=A000000233395,https://image.oliveyoung.co.kr/cfimages/cf-goods/uploads/images/thumbnails/400/10/0000/0023/A00000023339502ko.jpg?l=ko
유산균,A000000233583,GNC,GNC 비피도 핏 다이어트 유산균 30캡슐 (1개월분),38500,35900,5.0,35,"세일, 오늘드림",https://www.oliveyoung.co.kr/store/goods/getGoodsDetail.do?goodsNo=A000000233583,https://image.oliveyoung.co.kr/cfimages/cf-goods/uploads/images/thumbnails/400/10/0000/0023/A00000023358306ko.jpg?l=ko
유산균,A000000233635,에스더포뮬러,에스더포뮬러 리스펙타 질유산균 15캡슐 (15일분),29000,19000,4.4,643,"세일, 오늘드림",https://www.oliveyoung.co.kr/store/goods/getGoodsDetail.do?goodsNo=A000000233635,https://image.oliveyoung.co.kr/cfimages/cf-goods/uploads/images/thumbnails/400/10/0000/0023/A00000023363501ko.jpg?l=ko
유산균,A000000233698,티트리트,티트리트 라이트 웰 30포 (1개월분),,11900,4.9,23,오늘드림,https://www.oliveyoung.co.kr/store/goods/getGoodsDetail.do?goodsNo=A000000233698,https://image.oliveyoung.co.kr/cfimages/cf-goods/uploads/images/thumbnails/400/10/0000/0023/A00000023369805ko.png?l=ko
유산균,A000000233810,슬로우글로우,슬로우글로우 다이어트 유산균 30캡슐 (1개월분),44500,43500,4.9,21,"세일, 오늘드림",https://www.oliveyoung.co.kr/store/goods/getGoodsDetail.do?goodsNo=A000000233810,https://image.oliveyoung.co.kr/cfimages/cf-goods/uploads/images/thumbnails/400/10/0000/0023/A00000023381001ko.jpg?l=ko
유산균,A000000234063,키즈텐,키즈텐 유산균 프리미엄 4중기능성 100억 유산균 30포 (1개월분),37000,34400,4.2,5,"세일, 오늘드림",https://www.oliveyoung.co.kr/store/goods/getGoodsDetail.do?goodsNo=A000000234063,https://image.oliveyoung.co.kr/cfimages/cf-goods/uploads/images/thumbnails/400/10/0000/0023/A00000023406305ko.jpg?l=ko
유산균,A000000234119,키즈텐,키즈텐 아기 유산균 비타민D 드롭 10ml (2개월분),30000,27900,4.9,18,"세일, 오늘드림",https://www.oliveyoung.co.kr/store/goods/getGoodsDetail.do?goodsNo=A000000234119,https://image.oliveyoung.co.kr/cfimages/cf-goods/uploads/images/thumbnails/400/10/0000/0023/A00000023411901ko.jpg?l=ko
유산균,A000000234120,키즈텐,키즈텐 유산균 펀프로바이오틱스 3중기능성 30포 (1개월분),,24500,5.0,2,오늘드림,https://www.oliveyoung.co.kr/store/goods/getGoodsDetail.do?goodsNo=A000000234120,https://image.oliveyoung.co.kr/cfimages/cf-goods/uploads/images/thumbnails/400/10/0000/0023/A00000023412003ko.jpg?l=ko
유산균,A000000235487,비타민하우스,비타민하우스 더블솔루션 (프리바이오틱스 100포+낙산균 프로바이오틱스 솔루션4 30포),85000,29750,4.7,92,"세일, 쿠폰, 오늘드림",https://www.oliveyoung.co.kr/store/goods/getGoodsDetail.do?goodsNo=A000000235487,https://image.oliveyoung.co.kr/cfimages/cf-goods/uploads/images/thumbnails/400/10/0000/0023/A00000023548701ko.jpg?l=ko
유산균,A000000235548,영롱,영롱 이스트바이오틱스 키즈 30포 (1개월분),39000,38500,5.0,24,"세일, 오늘드림",https://www.oliveyoung.co.kr/store/goods/getGoodsDetail.do?goodsNo=A000000235548,https://image.oliveyoung.co.kr/cfimages/cf-goods/uploads/images/thumbnails/400/10/0000/0023/A00000023554805ko.jpg?l=ko
유산균,A000000235553,영롱,영롱 이스트바이오틱스 센서티브 30포 (1개월분),45000,44000,5.0,52,"세일, 오늘드림",https://www.oliveyoung.co.kr/store/goods/getGoodsDetail.do?goodsNo=A000000235553,https://image.oliveyoung.co.kr/cfimages/cf-goods/uploads/images/thumbnails/400/10/0000/0023/A00000023555304ko.jpg?l=ko
유산균,A000000235684,빌드,빌드 다이어트앤 유산균 30포 (1개월분),,35000,5.0,111,오늘드림,https://www.oliveyoung.co.kr/store/goods/getGoodsDetail.do?goodsNo=A000000235684,https://image.oliveyoung.co.kr/cfimages/cf-goods/uploads/images/thumbnails/400/10/0000/0023/A00000023568403ko.png?l=ko
유산균,A000000236573,덴프스,덴프스 덴마크 유산균이야기 더마 28캡슐 (28일분),,38300,4.9,79,오늘드림,https://www.oliveyoung.co.kr/store/goods/getGoodsDetail.do?goodsNo=A000000236573,https://image.oliveyoung.co.kr/cfimages/cf-goods/uploads/images/thumbnails/400/10/0000/0023/A00000023657324ko.jpg?l=ko
유산균,A000000236946,좋은버릇,좋은버릇 레디케어 질유래 유산균 60캡슐 (2개월분),22900,21900,4.9,608,"세일, 오늘드림",https://www.oliveyoung.co.kr/store/goods/getGoodsDetail.do?goodsNo=A000000236946,https://image.oliveyoung.co.kr/cfimages/cf-goods/uploads/images/thumbnails/400/10/0000/0023/A00000023694601ko.jpg?l=ko
유산균,A000000236947,리부트,리부트 유산균 젤리 27g*6포 (6일분),22400,20000,5.0,525,"세일, 증정, 오늘드림",https://www.oliveyoung.co.kr/store/goods/getGoodsDetail.do?goodsNo=A000000236947,https://image.oliveyoung.co.kr/cfimages/cf-goods/uploads/images/thumbnails/400/10/0000/0023/A00000023694706ko.png?l=ko
유산균,A000000237872,오늘부터,오늘부터 Y케어 질유래 유산균 30포 (1개월분),12800,11800,,,"세일, 오늘드림",https://www.oliveyoung.co.kr/store/goods/getGoodsDetail.do?goodsNo=A000000237872,https://image.oliveyoung.co.kr/cfimages/cf-goods/uploads/images/thumbnails/400/10/0000/0023/A00000023787202ko.jpg?l=ko
유산균,A000000238270,락토바이브,락토바이브 지노솔루션 스틱 30포 (1개월분),,46000,,,오늘드림,https://www.oliveyoung.co.kr/store/goods/getGoodsDetail.do?goodsNo=A000000238270,https://image.oliveyoung.co.kr/cfimages/cf-goods/uploads/images/thumbnails/400/10/0000/0023/A00000023827001ko.jpg?l=ko
유산균,A000000238271,락토바이브,락토바이브 프로 30캡슐 (1개월분),,39000,,,오늘드림,https://www.oliveyoung.co.kr/store/goods/getGoodsDetail.do?goodsNo=A000000238271,https://image.oliveyoung.co.kr/cfimages/cf-goods/uploads/images/thumbnails/400/10/0000/0023/A00000023827101ko.jpg?l=ko
유산균,A000000238275,락토바이브,락토바이브 패밀리 스틱 30포 (1개월분),,19000,5.0,2,오늘드림,https://www.oliveyoung.co.kr/store/goods/getGoodsDetail.do?goodsNo=A000000238275,https://image.oliveyoung.co.kr/cfimages/cf-goods/uploads/images/thumbnails/400/10/0000/0023/A00000023827501ko.jpg?l=ko
유산균,A000000238359,좋은버릇,좋은버릇 참 유산균 파워맨 남성유산균 60캡슐 (2개월분),22900,21900,5.0,2,"세일, 오늘드림",https://www.oliveyoung.co.kr/store/goods/getGoodsDetail.do?goodsNo=A000000238359,https://image.oliveyoung.co.kr/cfimages/cf-goods/uploads/images/thumbnails/400/10/0000/0023/A00000023835901ko.jpg?l=ko
유산균,A000000239816,영롱,영롱 이스트바이오틱스 치지센 60캡슐 (1개월분),45000,44000,5.0,26,"세일, 오늘드림",https://www.oliveyoung.co.kr/store/goods/getGoodsDetail.do?goodsNo=A000000239816,https://image.oliveyoung.co.kr/cfimages/cf-goods/uploads/images/thumbnails/400/10/0000/0023/A00000023981605ko.jpg?l=ko
유산균,A000000240697,락토핏,[올영단독] 락토핏 슬림 30포 더블 기획 (+러기지택 증정) (1개월분),28900,19900,4.8,999+,"세일, 오늘드림",https://www.oliveyoung.co.kr/store/goods/getGoodsDetail.do?goodsNo=A000000240697,https://image.oliveyoung.co.kr/cfimages/cf-goods/uploads/images/thumbnails/400/10/0000/0024/A00000024069735ko.jpg?l=ko
유산균,A000000241925,뉴트리코어,뉴트리코어 지엘플랜 GLPLAN 다이어트 유산균 & 혈당 케어 20포 (20일분),40000,36000,4.0,1,"세일, 오늘드림",https://www.oliveyoung.co.kr/store/goods/getGoodsDetail.do?goodsNo=A000000241925,https://image.oliveyoung.co.kr/cfimages/cf-goods/uploads/images/thumbnails/400/10/0000/0024/A00000024192506ko.jpg?l=ko
유산균,A000000242959,닥터린,닥터린 GLPLAN 지엘플랜 혈당 컷 & 다이어트 유산균 20캡슐 (20일분),40000,36000,5.0,268,"세일, 오늘드림",https://www.oliveyoung.co.kr/store/goods/getGoodsDetail.do?goodsNo=A000000242959,https://image.oliveyoung.co.kr/cfimages/cf-goods/uploads/images/thumbnails/400/10/0000/0024/A00000024295905ko.jpg?l=ko
유산균,A000000243095,그린스토어,그린스토어 우먼 프로바이오틱스 30캡슐 (1개월분),,32400,,,오늘드림,https://www.oliveyoung.co.kr/store/goods/getGoodsDetail.do?goodsNo=A000000243095,https://image.oliveyoung.co.kr/cfimages/cf-goods/uploads/images/thumbnails/400/10/0000/0024/A00000024309501ko.jpg?l=ko
유산균,A000000245679,비타바이브,비타바이브 프로바이오틱스 앳나인 30포 (1개월분) (온),37000,33300,5.0,4,"세일, 오늘드림",https://www.oliveyoung.co.kr/store/goods/getGoodsDetail.do?goodsNo=A000000245679,https://image.oliveyoung.co.kr/cfimages/cf-goods/uploads/images/thumbnails/400/10/0000/0024/A00000024567906ko.jpg?l=ko
유산균,A000000246166,캔틴나인,"캔틴나인 서퍼데이, 더블유30정  (1개월분/W케어 질유산균)",36000,26700,5.0,6,"세일, 오늘드림",https://www.oliveyoung.co.kr/store/goods/getGoodsDetail.do?goodsNo=A000000246166,https://image.oliveyoung.co.kr/cfimages/cf-goods/uploads/images/thumbnails/400/10/0000/0024/A00000024616611ko.jpg?l=ko
유산균,A000000246212,설당프리,설당프리 GL PURE 프리미엄 케어 프로바이오틱스 30캡슐 (30일분),56000,48000,4.8,5,"세일, 오늘드림",https://www.oliveyoung.co.kr/store/goods/getGoodsDetail.do?goodsNo=A000000246212,https://image.oliveyoung.co.kr/cfimages/cf-goods/uploads/images/thumbnails/400/10/0000/0024/A00000024621204ko.jpg?l=ko
유산균,A000000246718,바이오리브,바이오리브 100억 유산균 30캡슐 (1개월분),19200,15360,4.2,39,"쿠폰, 오늘드림",https://www.oliveyoung.co.kr/store/goods/getGoodsDetail.do?goodsNo=A000000246718,https://image.oliveyoung.co.kr/cfimages/cf-goods/uploads/images/thumbnails/400/10/0000/0024/A00000024671801ko.png?l=ko
유산균,A000000247738,위타민,위타민 장당당 30캡슐 (30일분),39000,37000,5.0,25,"세일, 오늘드림",https://www.oliveyoung.co.kr/store/goods/getGoodsDetail.do?goodsNo=A000000247738,https://image.oliveyoung.co.kr/cfimages/cf-goods/uploads/images/thumbnails/400/10/0000/0024/A00000024773803ko.jpg?l=ko
유산균,A000000247987,마미앤대디,마미앤대디 아기 유산균 비타민D3 드롭 10ml (2개월분),,29000,5.0,12,오늘드림,https://www.oliveyoung.co.kr/store/goods/getGoodsDetail.do?goodsNo=A000000247987,https://image.oliveyoung.co.kr/cfimages/cf-goods/uploads/images/thumbnails/400/10/0000/0024/A00000024798706ko.jpg?l=ko
유산균,A000000248005,마미앤대디,마미앤대디 이너 유산균 프로바이오틱스 30캡슐 (1개월분),29900,28410,4.9,27,"세일, 오늘드림",https://www.oliveyoung.co.kr/store/goods/getGoodsDetail.do?goodsNo=A000000248005,https://image.oliveyoung.co.kr/cfimages/cf-goods/uploads/images/thumbnails/400/10/0000/0024/A00000024800506ko.jpg?l=ko
유산균,A000000248014,마미앤대디,마미앤대디 키즈 생 유산균 프로바이오틱스 30포 (1개월분),29900,28410,5.0,1,"세일, 오늘드림",https://www.oliveyoung.co.kr/store/goods/getGoodsDetail.do?goodsNo=A000000248014,https://image.oliveyoung.co.kr/cfimages/cf-goods/uploads/images/thumbnails/400/10/0000/0024/A00000024801405ko.jpg?l=ko
유산균,A000000249331,닥터파이토,닥터파이토 비피아이 유산균 30포 (1개월분),45000,40500,5.0,77,"세일, 오늘드림",https://www.oliveyoung.co.kr/store/goods/getGoodsDetail.do?goodsNo=A000000249331,https://image.oliveyoung.co.kr/cfimages/cf-goods/uploads/images/thumbnails/400/10/0000/0024/A00000024933102ko.jpg?l=ko
유산균,A000000251289,컬처렐,컬처렐 데일리 프로바이오틱스 30캡슐 (1개월분),24900,19900,5.0,230,"세일, 오늘드림",https://www.oliveyoung.co.kr/store/goods/getGoodsDetail.do?goodsNo=A000000251289,https://image.oliveyoung.co.kr/cfimages/cf-goods/uploads/images/thumbnails/400/10/0000/0025/A00000025128909ko.jpg?l=ko
유산균,A000000251987,영롱,영롱 이스트바이오틱스 키즈 초코맛 30포 (1개월분),39000,38500,,,"세일, 오늘드림",https://www.oliveyoung.co.kr/store/goods/getGoodsDetail.do?goodsNo=A000000251987,https://image.oliveyoung.co.kr/cfimages/cf-goods/uploads/images/thumbnails/400/10/0000/0025/A00000025198701ko.jpg?l=ko
유산균,A000000253232,락토핏,락토핏 코어 60포 트리플 기획 (180일분),65000,43900,5.0,2,"세일, 오늘드림",https://www.oliveyoung.co.kr/store/goods/getGoodsDetail.do?goodsNo=A000000253232,https://image.oliveyoung.co.kr/cfimages/cf-goods/uploads/images/thumbnails/400/10/0000/0025/A00000025323219ko.jpg?l=ko
유산균,A000000253235,락토핏,락토핏 당케어 50포 트리플 기획 (150일분),,69900,4.8,6,오늘드림,https://www.oliveyoung.co.kr/store/goods/getGoodsDetail.do?goodsNo=A000000253235,https://image.oliveyoung.co.kr/cfimages/cf-goods/uploads/images/thumbnails/400/10/0000/0025/A00000025323531ko.jpg?l=ko
유산균,A000000253236,락토핏,락토핏 당케어 30포 트리플 기획 (90일분),48000,37000,5.0,1,"세일, 오늘드림",https://www.oliveyoung.co.kr/store/goods/getGoodsDetail.do?goodsNo=A000000253236,https://image.oliveyoung.co.kr/cfimages/cf-goods/uploads/images/thumbnails/400/10/0000/0025/A00000025323633ko.jpg?l=ko
유산균,A000000253238,락토핏,락토핏 간케어 60포 (30일분),,29800,5.0,3,오늘드림,https://www.oliveyoung.co.kr/store/goods/getGoodsDetail.do?goodsNo=A000000253238,https://image.oliveyoung.co.kr/cfimages/cf-goods/uploads/images/thumbnails/400/10/0000/0025/A00000025323832ko.jpg?l=ko
유산균,A000000253331,베러웨러,베러웨러 본질 프로바이오틱스 30캡슐 (1개월분),29000,28000,5.0,15,"세일, 오늘드림",https://www.oliveyoung.co.kr/store/goods/getGoodsDetail.do?goodsNo=A000000253331,https://image.oliveyoung.co.kr/cfimages/cf-goods/uploads/images/thumbnails/400/10/0000/0025/A00000025333101ko.jpg?l=ko
유산균,A000000254854,비오비타,비오비타 배배 60포 (2개월분),,38000,5.0,1,오늘드림,https://www.oliveyoung.co.kr/store/goods/getGoodsDetail.do?goodsNo=A000000254854,https://image.oliveyoung.co.kr/cfimages/cf-goods/uploads/images/thumbnails/400/10/0000/0025/A00000025485401ko.jpg?l=ko
유산균,A000000254880,비오비타,비오비타 키즈 2g*60포 (2개월분),38000,30000,,,"세일, 오늘드림",https://www.oliveyoung.co.kr/store/goods/getGoodsDetail.do?goodsNo=A000000254880,https://image.oliveyoung.co.kr/cfimages/cf-goods/uploads/images/thumbnails/400/10/0000/0025/A00000025488001ko.jpg?l=ko
유산균,A000000254883,비오비타,비오비타 패밀리 미니정제 84정 (4주분),23000,16000,5.0,20,세일,https://www.oliveyoung.co.kr/store/goods/getGoodsDetail.do?goodsNo=A000000254883,https://image.oliveyoung.co.kr/cfimages/cf-goods/uploads/images/thumbnails/400/10/0000/0025/A00000025488301ko.png?l=ko
유산균,A000000254885,비오비타,비오비타 패밀리 60포 (2개월분),,38000,5.0,10,,https://www.oliveyoung.co.kr/store/goods/getGoodsDetail.do?goodsNo=A000000254885,https://image.oliveyoung.co.kr/cfimages/cf-goods/uploads/images/thumbnails/400/10/0000/0025/A00000025488501ko.jpg?l=ko
유산균,A000000256853,락토핏,락토핏 위케어 60포 (30일분),27900,24900,,,"세일, 오늘드림",https://www.oliveyoung.co.kr/store/goods/getGoodsDetail.do?goodsNo=A000000256853,https://image.oliveyoung.co.kr/cfimages/cf-goods/uploads/images/thumbnails/400/10/0000/0025/A00000025685334ko.jpg?l=ko
유산균,A000000256968,락토핏,락토핏 슈퍼슬림 30포 (30일분),29900,28900,5.0,3,"세일, 오늘드림",https://www.oliveyoung.co.kr/store/goods/getGoodsDetail.do?goodsNo=A000000256968,https://image.oliveyoung.co.kr/cfimages/cf-goods/uploads/images/thumbnails/400/10/0000/0025/A00000025696828ko.jpg?l=ko
유산균,A000000257050,락토핏,락토핏 골드 30포 트리플 기획 (90일분)(RE),35700,22900,5.0,9,"세일, 오늘드림",https://www.oliveyoung.co.kr/store/goods/getGoodsDetail.do?goodsNo=A000000257050,https://image.oliveyoung.co.kr/cfimages/cf-goods/uploads/images/thumbnails/400/10/0000/0025/A00000025705029ko.jpg?l=ko
유산균,A000000257061,락토핏,락토핏 코어 30포 (1개월분)(RE),14900,9900,4.8,9,"세일, 오늘드림",https://www.oliveyoung.co.kr/store/goods/getGoodsDetail.do?goodsNo=A000000257061,https://image.oliveyoung.co.kr/cfimages/cf-goods/uploads/images/thumbnails/400/10/0000/0025/A00000025706119ko.jpg?l=ko
유산균,B000000133563,드시모네,드시모네 키즈 스텝1 블루베리향 30포 1박스 (1개월분),,78000,4.9,43,,https://www.oliveyoung.co.kr/store/goods/getGoodsDetail.do?goodsNo=B000000133563,https://image.oliveyoung.co.kr/cfimages/cf-goods/uploads/images/thumbnails/400/10/0000/0013/B00000013356315ko.jpg?l=ko
유산균,B000000133579,드시모네,드시모네 2000 30포 1박스 (1개월분),,128000,4.8,24,,https://www.oliveyoung.co.kr/store/goods/getGoodsDetail.do?goodsNo=B000000133579,https://image.oliveyoung.co.kr/cfimages/cf-goods/uploads/images/thumbnails/400/10/0000/0013/B00000013357910ko.jpg?l=ko
유산균,B000000137656,드시모네,드시모네 곰돌이 츄어블 플러스 60정(1박스),,40000,5.0,16,,https://www.oliveyoung.co.kr/store/goods/getGoodsDetail.do?goodsNo=B000000137656,https://image.oliveyoung.co.kr/cfimages/cf-goods/uploads/images/thumbnails/400/10/0000/0013/B00000013765617ko.jpg?l=ko
유산균,B000000140139,덴프스,[선물세트] 덴프스 덴마크 유산균이야기 2박스/4개월분 +쇼핑백 증정,,79800,4.9,327,,https://www.oliveyoung.co.kr/store/goods/getGoodsDetail.do?goodsNo=B000000140139,https://image.oliveyoung.co.kr/cfimages/cf-goods/uploads/images/thumbnails/400/10/0000/0014/B00000014013926ko.jpg?l=ko
유산균,B000000140143,덴프스,[덴마크 직수입] 덴프스 덴마크 유산균이야기 6박스/12개월분,198000,176000,4.9,265,쿠폰,https://www.oliveyoung.co.kr/store/goods/getGoodsDetail.do?goodsNo=B000000140143,https://image.oliveyoung.co.kr/cfimages/cf-goods/uploads/images/thumbnails/400/10/0000/0014/B00000014014331ko.jpg?l=ko
유산균,B000000141872,드시모네,드시모네 키즈 스텝1 사과향 30포 1박스 (1개월분),,78000,5.0,23,,https://www.oliveyoung.co.kr/store/goods/getGoodsDetail.do?goodsNo=B000000141872,https://image.oliveyoung.co.kr/cfimages/cf-goods/uploads/images/thumbnails/400/10/0000/0014/B00000014187212ko.jpg?l=ko
유산균,B000000141873,드시모네,드시모네 키즈 스텝1 사과향 30포 2박스 (2개월분),,146200,5.0,23,,https://www.oliveyoung.co.kr/store/goods/getGoodsDetail.do?goodsNo=B000000141873,https://image.oliveyoung.co.kr/cfimages/cf-goods/uploads/images/thumbnails/400/10/0000/0014/B00000014187311ko.jpg?l=ko
유산균,B000000146525,드시모네,드시모네 2000 30포 2박스 (2개월분),,224000,4.8,24,,https://www.oliveyoung.co.kr/store/goods/getGoodsDetail.do?goodsNo=B000000146525,https://image.oliveyoung.co.kr/cfimages/cf-goods/uploads/images/thumbnails/400/10/0000/0014/B00000014652511ko.jpg?l=ko
유산균,B000000146532,드시모네,드시모네 키즈 스텝1 사과향 30포 6박스 (6개월분),,477750,5.0,23,,https://www.oliveyoung.co.kr/store/goods/getGoodsDetail.do?goodsNo=B000000146532,https://image.oliveyoung.co.kr/cfimages/cf-goods/uploads/images/thumbnails/400/10/0000/0014/B00000014653210ko.jpg?l=ko
유산균,B000000146535,드시모네,드시모네 2000 30포 6박스 (6개월분),,784000,4.8,24,,https://www.oliveyoung.co.kr/store/goods/getGoodsDetail.do?goodsNo=B000000146535,https://image.oliveyoung.co.kr/cfimages/cf-goods/uploads/images/thumbnails/400/10/0000/0014/B00000014653510ko.jpg?l=ko
유산균,B000000146546,드시모네,드시모네 키즈 스텝1 블루베리향 30포 2박스 (2개월분),,146200,4.9,43,,https://www.oliveyoung.co.kr/store/goods/getGoodsDetail.do?goodsNo=B000000146546,https://image.oliveyoung.co.kr/cfimages/cf-goods/uploads/images/thumbnails/400/10/0000/0014/B00000014654614ko.jpg?l=ko
유산균,B000000149462,하이뮨,하이뮨 장엔 프로바이오틱스(2g*30포) (1개월분),23000,20700,5.0,71,쿠폰,https://www.oliveyoung.co.kr/store/goods/getGoodsDetail.do?goodsNo=B000000149462,https://image.oliveyoung.co.kr/cfimages/cf-goods/uploads/images/thumbnails/400/10/0000/0014/B00000014946207ko.jpg?l=ko
유산균,B000000151462,드시모네,드시모네 365 포도향 30포 (1개월분),,40000,4.0,1,,https://www.oliveyoung.co.kr/store/goods/getGoodsDetail.do?goodsNo=B000000151462,https://image.oliveyoung.co.kr/cfimages/cf-goods/uploads/images/thumbnails/400/10/0000/0015/B00000015146218ko.jpg?l=ko
유산균,B000000151464,드시모네,드시모네 365 포도향 30포 X 3박스 (3개월분),,80000,5.0,11,,https://www.oliveyoung.co.kr/store/goods/getGoodsDetail.do?goodsNo=B000000151464,https://image.oliveyoung.co.kr/cfimages/cf-goods/uploads/images/thumbnails/400/10/0000/0015/B00000015146413ko.png?l=ko
유산균,B000000151465,드시모네,드시모네 365 포도향 30포 X 6박스 (6개월분),,180000,4.0,1,,https://www.oliveyoung.co.kr/store/goods/getGoodsDetail.do?goodsNo=B000000151465,https://image.oliveyoung.co.kr/cfimages/cf-goods/uploads/images/thumbnails/400/10/0000/0015/B00000015146515ko.jpg?l=ko
유산균,B000000151467,드시모네,드시모네 365 포도향 30포 X 12박스 (12개월분),,459000,,,,https://www.oliveyoung.co.kr/store/goods/getGoodsDetail.do?goodsNo=B000000151467,https://image.oliveyoung.co.kr/cfimages/cf-goods/uploads/images/thumbnails/400/10/0000/0015/B00000015146712ko.jpg?l=ko
유산균,B000000151495,드시모네,드시모네 365 캡슐 30캡슐 1/3박스 (1/3개월분),,40000,5.0,13,,https://www.oliveyoung.co.kr/store/goods/getGoodsDetail.do?goodsNo=B000000151495,https://image.oliveyoung.co.kr/cfimages/cf-goods/uploads/images/thumbnails/400/10/0000/0015/B00000015149518ko.jpg?l=ko
유산균,B000000151496,드시모네,드시모네 365 캡슐 30캡슐 X 3박스 (3개월분),,106660,5.0,7,,https://www.oliveyoung.co.kr/store/goods/getGoodsDetail.do?goodsNo=B000000151496,https://image.oliveyoung.co.kr/cfimages/cf-goods/uploads/images/thumbnails/400/10/0000/0015/B00000015149619ko.jpg?l=ko
유산균,B000000151498,드시모네,드시모네 365 캡슐 30캡슐 X 6박스 (6개월분),,180000,5.0,1,,https://www.oliveyoung.co.kr/store/goods/getGoodsDetail.do?goodsNo=B000000151498,https://image.oliveyoung.co.kr/cfimages/cf-goods/uploads/images/thumbnails/400/10/0000/0015/B00000015149817ko.jpg?l=ko
유산균,B000000155769,비에날씬,BNR17 비에날씬 60캡슐x3박스(3개월분),,198000,4.7,251,,https://www.oliveyoung.co.kr/store/goods/getGoodsDetail.do?goodsNo=B000000155769,https://image.oliveyoung.co.kr/cfimages/cf-goods/uploads/images/thumbnails/400/10/0000/0015/B00000015576910ko.png?l=ko
유산균,B000000155786,비에날씬,BNR17 다이어트유산균 비에날씬 60캡슐 (1개월분),,89100,4.7,251,,https://www.oliveyoung.co.kr/store/goods/getGoodsDetail.do?goodsNo=B000000155786,https://image.oliveyoung.co.kr/cfimages/cf-goods/uploads/images/thumbnails/400/10/0000/0015/B00000015578605ko.png?l=ko
유산균,B000000155794,비에날씬,BNR17 다이어트유산균 비에날씬프로 30캡슐 (1개월분),,89100,4.8,85,,https://www.oliveyoung.co.kr/store/goods/getGoodsDetail.do?goodsNo=B000000155794,https://image.oliveyoung.co.kr/cfimages/cf-goods/uploads/images/thumbnails/400/10/0000/0015/B00000015579407ko.jpg?l=ko
유산균,B000000155802,비에날씬,BNR17 다이어트유산균 비에날씬프로 30캡슐 x 3박스 (3개월분),,208000,4.8,85,,https://www.oliveyoung.co.kr/store/goods/getGoodsDetail.do?goodsNo=B000000155802,https://image.oliveyoung.co.kr/cfimages/cf-goods/uploads/images/thumbnails/400/10/0000/0015/B00000015580207ko.jpg?l=ko
유산균,B000000155805,비에날씬,BNR17 다이어트유산균 비에날씬플러스 30포x3박스 (3개월분),,208000,4.7,26,,https://www.oliveyoung.co.kr/store/goods/getGoodsDetail.do?goodsNo=B000000155805,https://image.oliveyoung.co.kr/cfimages/cf-goods/uploads/images/thumbnails/400/10/0000/0015/B00000015580506ko.jpg?l=ko
유산균,B000000155826,비에날씬,BNR17 다이어트유산균 비에날씬플러스 30포 (1개월분),,89100,4.7,26,,https://www.oliveyoung.co.kr/store/goods/getGoodsDetail.do?goodsNo=B000000155826,https://image.oliveyoung.co.kr/cfimages/cf-goods/uploads/images/thumbnails/400/10/0000/0015/B00000015582605ko.jpg?l=ko
유산균,B000000155935,비에날씬,BNR17 갱년기유산균 비에날퀸 60캡슐 (1개월분),,110000,4.8,6,,https://www.oliveyoung.co.kr/store/goods/getGoodsDetail.do?goodsNo=B000000155935,https://image.oliveyoung.co.kr/cfimages/cf-goods/uploads/images/thumbnails/400/10/0000/0015/B00000015593506ko.png?l=ko
유산균,B000000155937,비에날씬,BNR17 비에날퀸 60캡슐x3박스(3개월분),,229000,4.6,20,,https://www.oliveyoung.co.kr/store/goods/getGoodsDetail.do?goodsNo=B000000155937,https://image.oliveyoung.co.kr/cfimages/cf-goods/uploads/images/thumbnails/400/10/0000/0015/B00000015593707ko.jpg?l=ko
유산균,B000000155940,비에날씬,BNR17 밀크씨슬유산균 비에날간케어 60캡슐 (1개월분),,48000,5.0,4,,https://www.oliveyoung.co.kr/store/goods/getGoodsDetail.do?goodsNo=B000000155940,https://image.oliveyoung.co.kr/cfimages/cf-goods/uploads/images/thumbnails/400/10/0000/0015/B00000015594005ko.png?l=ko
유산균,B000000155941,비에날씬,BNR17 키즈유산균 비에날키즈 60정 (1개월분),,39000,4.9,39,,https://www.oliveyoung.co.kr/store/goods/getGoodsDetail.do?goodsNo=B000000155941,https://image.oliveyoung.co.kr/cfimages/cf-goods/uploads/images/thumbnails/400/10/0000/0015/B00000015594104ko.jpg?l=ko
유산균,B000000170995,덴프스,[덴마크 직수입] 덴프스 덴마크 유산균이야기 키즈 1/2/3박스 (1/2/3개월분),,28800,4.9,27,,https://www.oliveyoung.co.kr/store/goods/getGoodsDetail.do?goodsNo=B000000170995,https://image.oliveyoung.co.kr/cfimages/cf-goods/uploads/images/thumbnails/400/10/0000/0017/B00000017099511ko.jpg?l=ko
유산균,B000000172735,비에날씬,BNR17 다이어트유산균 비에날씬 60캡슐*6박스 (6개월분),,388000,4.7,251,,https://www.oliveyoung.co.kr/store/goods/getGoodsDetail.do?goodsNo=B000000172735,https://image.oliveyoung.co.kr/cfimages/cf-goods/uploads/images/thumbnails/400/10/0000/0017/B00000017273502ko.png?l=ko
유산균,B000000172752,비에날씬,BNR17 다이어트유산균 비에날씬플러스 30포*6박스 (6개월분),,384230,4.7,26,,https://www.oliveyoung.co.kr/store/goods/getGoodsDetail.do?goodsNo=B000000172752,https://image.oliveyoung.co.kr/cfimages/cf-goods/uploads/images/thumbnails/400/10/0000/0017/B00000017275202ko.jpg?l=ko
유산균,B000000175034,드시모네,드시모네 키즈 스텝1 딸기향 30포 1박스 (1개월분),,78000,4.9,46,,https://www.oliveyoung.co.kr/store/goods/getGoodsDetail.do?goodsNo=B000000175034,https://image.oliveyoung.co.kr/cfimages/cf-goods/uploads/images/thumbnails/400/10/0000/0017/B00000017503404ko.jpg?l=ko
유산균,B000000175035,드시모네,드시모네 키즈 스텝1 딸기향 30포 2박스 (2개월분),,146200,4.9,46,,https://www.oliveyoung.co.kr/store/goods/getGoodsDetail.do?goodsNo=B000000175035,https://image.oliveyoung.co.kr/cfimages/cf-goods/uploads/images/thumbnails/400/10/0000/0017/B00000017503503ko.jpg?l=ko
유산균,B000000175037,드시모네,드시모네 키즈 스텝1 딸기향 30포 6박스 (6개월분),,477750,4.9,46,,https://www.oliveyoung.co.kr/store/goods/getGoodsDetail.do?goodsNo=B000000175037,https://image.oliveyoung.co.kr/cfimages/cf-goods/uploads/images/thumbnails/400/10/0000/0017/B00000017503704ko.jpg?l=ko
유산균,B000000175041,드시모네,드시모네 프라임 60포 1박스 (보장균수 1000억) (2개월분),,120000,4.9,62,,https://www.oliveyoung.co.kr/store/goods/getGoodsDetail.do?goodsNo=B000000175041,https://image.oliveyoung.co.kr/cfimages/cf-goods/uploads/images/thumbnails/400/10/0000/0017/B00000017504105ko.jpg?l=ko
유산균,B000000175044,드시모네,드시모네 프라임 60포 6박스 (12개월분),,724500,4.9,62,,https://www.oliveyoung.co.kr/store/goods/getGoodsDetail.do?goodsNo=B000000175044,https://image.oliveyoung.co.kr/cfimages/cf-goods/uploads/images/thumbnails/400/10/0000/0017/B00000017504405ko.jpg?l=ko
유산균,B000000175046,드시모네,드시모네 베이비스텝1 30포 1박스 (1개월분),,38000,5.0,104,,https://www.oliveyoung.co.kr/store/goods/getGoodsDetail.do?goodsNo=B000000175046,https://image.oliveyoung.co.kr/cfimages/cf-goods/uploads/images/thumbnails/400/10/0000/0017/B00000017504604ko.jpg?l=ko
유산균,B000000175047,드시모네,드시모네 베이비스텝1 30포 2박스 (2개월분),,76000,5.0,104,,https://www.oliveyoung.co.kr/store/goods/getGoodsDetail.do?goodsNo=B000000175047,https://image.oliveyoung.co.kr/cfimages/cf-goods/uploads/images/thumbnails/400/10/0000/0017/B00000017504704ko.jpg?l=ko
유산균,B000000175048,드시모네,드시모네 베이비스텝1 30포 6+1박스 (7개월분),,232750,5.0,104,,https://www.oliveyoung.co.kr/store/goods/getGoodsDetail.do?goodsNo=B000000175048,https://image.oliveyoung.co.kr/cfimages/cf-goods/uploads/images/thumbnails/400/10/0000/0017/B00000017504803ko.jpg?l=ko
유산균,B000000175049,드시모네,드시모네 베이비스텝2 30포 1박스 (1개월분),,48000,4.9,100,,https://www.oliveyoung.co.kr/store/goods/getGoodsDetail.do?goodsNo=B000000175049,https://image.oliveyoung.co.kr/cfimages/cf-goods/uploads/images/thumbnails/400/10/0000/0017/B00000017504903ko.png?l=ko
유산균,B000000175050,드시모네,드시모네 베이비스텝2 (30포*2박스 / 30포*6+1박스),,96000,4.9,100,,https://www.oliveyoung.co.kr/store/goods/getGoodsDetail.do?goodsNo=B000000175050,https://image.oliveyoung.co.kr/cfimages/cf-goods/uploads/images/thumbnails/400/10/0000/0017/B00000017505002ko.jpg?l=ko
유산균,B000000175051,드시모네,드시모네 베이비스텝2 30포 6+1박스 (7개월분),,294000,4.9,100,,https://www.oliveyoung.co.kr/store/goods/getGoodsDetail.do?goodsNo=B000000175051,https://image.oliveyoung.co.kr/cfimages/cf-goods/uploads/images/thumbnails/400/10/0000/0017/B00000017505102ko.jpg?l=ko
유산균,B000000176844,덴프스,[덴마크 직수입] 덴프스 덴마크 유산균이야기 1/3/6박스 (2/6/12개월분) +증정품(3박스 구매 시),,35700,4.9,323,,https://www.oliveyoung.co.kr/store/goods/getGoodsDetail.do?goodsNo=B000000176844,https://image.oliveyoung.co.kr/cfimages/cf-goods/uploads/images/thumbnails/400/10/0000/0017/B00000017684419ko.jpg?l=ko
유산균,B000000176866,덴프스,[선물세트] 덴프스 덴마크 유산균이야기 3박스/6개월분 +쇼핑백 증정,113400,89900,3.7,3,쿠폰,https://www.oliveyoung.co.kr/store/goods/getGoodsDetail.do?goodsNo=B000000176866,https://image.oliveyoung.co.kr/cfimages/cf-goods/uploads/images/thumbnails/400/10/0000/0017/B00000017686607ko.jpg?l=ko
유산균,B000000187869,VSL3,VSL3 키즈크림향 1.5g*30포 (30일분),,58000,5.0,19,,https://www.oliveyoung.co.kr/store/goods/getGoodsDetail.do?goodsNo=B000000187869,https://image.oliveyoung.co.kr/cfimages/cf-goods/uploads/images/thumbnails/400/10/0000/0018/B00000018786905ko.jpg?l=ko
유산균,B000000190788,피토틱스,피토틱스 한국인 질유래 유산균 옐로우 3box (90캡슐/3개월분),,58500,4.8,999+,,https://www.oliveyoung.co.kr/store/goods/getGoodsDetail.do?goodsNo=B000000190788,https://image.oliveyoung.co.kr/cfimages/cf-goods/uploads/images/thumbnails/400/10/0000/0019/B00000019078816ko.jpg?l=ko
유산균,B000000190789,피토틱스,피토틱스 한국인 질유래 유산균 옐로우 2box (60캡슐/2개월분),,39000,4.8,999+,,https://www.oliveyoung.co.kr/store/goods/getGoodsDetail.do?goodsNo=B000000190789,https://image.oliveyoung.co.kr/cfimages/cf-goods/uploads/images/thumbnails/400/10/0000/0019/B00000019078918ko.jpg?l=ko
유산균,B000000198837,래디웰,래디웰 프로바이오틱스 밸런스 10캡슐*3병 (30일분),31000,27000,4.9,16,쿠폰,https://www.oliveyoung.co.kr/store/goods/getGoodsDetail.do?goodsNo=B000000198837,https://image.oliveyoung.co.kr/cfimages/cf-goods/uploads/images/thumbnails/400/10/0000/0019/B00000019883702ko.jpg?l=ko
유산균,B000000198919,드시모네,드시모네 캡슐플러스 1박스 (60캡슐),,98000,5.0,15,,https://www.oliveyoung.co.kr/store/goods/getGoodsDetail.do?goodsNo=B000000198919,https://image.oliveyoung.co.kr/cfimages/cf-goods/uploads/images/thumbnails/400/10/0000/0019/B00000019891904ko.jpg?l=ko
유산균,B000000200065,스키니랩,스키니랩 질유래 50억유산균 시크릿 프로바이오틱스 30캡슐 1박스 (30일분),,21500,4.9,47,,https://www.oliveyoung.co.kr/store/goods/getGoodsDetail.do?goodsNo=B000000200065,https://image.oliveyoung.co.kr/cfimages/cf-goods/uploads/images/thumbnails/400/10/0000/0020/B00000020006508ko.jpg?l=ko
유산균,B000000200764,덴프스,덴프스 덴마크 유산균이야기 우먼 2/3박스 (4개월/6개월분) +증정: 트루바이타민 12포,86000,71900,4.9,52,쿠폰,https://www.oliveyoung.co.kr/store/goods/getGoodsDetail.do?goodsNo=B000000200764,https://image.oliveyoung.co.kr/cfimages/cf-goods/uploads/images/thumbnails/400/10/0000/0020/B00000020076427ko.jpg?l=ko
유산균,B000000200765,덴프스,덴프스 덴마크 유산균이야기 우먼 3박스/6개월분 +트루바이타민12포,126600,107850,4.9,52,쿠폰,https://www.oliveyoung.co.kr/store/goods/getGoodsDetail.do?goodsNo=B000000200765,https://image.oliveyoung.co.kr/cfimages/cf-goods/uploads/images/thumbnails/400/10/0000/0020/B00000020076525ko.jpg?l=ko
유산균,B000000201080,래디웰,래디웰 프로바이오틱스 센시티브 10캡슐*3병 (30일분),31000,27000,5.0,5,쿠폰,https://www.oliveyoung.co.kr/store/goods/getGoodsDetail.do?goodsNo=B000000201080,https://image.oliveyoung.co.kr/cfimages/cf-goods/uploads/images/thumbnails/400/10/0000/0020/B00000020108003ko.jpg?l=ko
유산균,B000000201100,래디웰,래디웰 프로바이오틱스 클리어런스 10캡슐*3병 (30일분),31000,27000,4.5,21,쿠폰,https://www.oliveyoung.co.kr/store/goods/getGoodsDetail.do?goodsNo=B000000201100,https://image.oliveyoung.co.kr/cfimages/cf-goods/uploads/images/thumbnails/400/10/0000/0020/B00000020110003ko.jpg?l=ko
유산균,B000000204009,GNM자연의품격,GNM 50억 보장 장 건강해질 유산균 1박스 / 질 유래 유산균,18900,17900,4.6,16,쿠폰,https://www.oliveyoung.co.kr/store/goods/getGoodsDetail.do?goodsNo=B000000204009,https://image.oliveyoung.co.kr/cfimages/cf-goods/uploads/images/thumbnails/400/10/0000/0020/B00000020400906ko.jpg?l=ko
유산균,B000000205758,GNM자연의품격,GNM 100억 유산균 60캡슐 1박스(2개월분),23900,21900,4.9,61,쿠폰,https://www.oliveyoung.co.kr/store/goods/getGoodsDetail.do?goodsNo=B000000205758,https://image.oliveyoung.co.kr/cfimages/cf-goods/uploads/images/thumbnails/400/10/0000/0020/B00000020575811ko.jpg?l=ko
유산균,B000000209075,한삼인,한삼인 나를위한 신바이오틱스 1세트 (30일분),,24800,5.0,4,,https://www.oliveyoung.co.kr/store/goods/getGoodsDetail.do?goodsNo=B000000209075,https://image.oliveyoung.co.kr/cfimages/cf-goods/uploads/images/thumbnails/400/10/0000/0020/B00000020907504ko.jpg?l=ko
유산균,B000000219148,GNM자연의품격,GNM 100억 유산균 60캡슐 2박스 (4개월분),41900,40900,4.9,91,쿠폰,https://www.oliveyoung.co.kr/store/goods/getGoodsDetail.do?goodsNo=B000000219148,https://image.oliveyoung.co.kr/cfimages/cf-goods/uploads/images/thumbnails/400/10/0000/0021/B00000021914812ko.jpg?l=ko
유산균,B000000219156,GNM자연의품격,GNM 10억 생 유산균 + 프리바이오틱스 30포 (1개월분),16900,13900,4.9,13,쿠폰,https://www.oliveyoung.co.kr/store/goods/getGoodsDetail.do?goodsNo=B000000219156,https://image.oliveyoung.co.kr/cfimages/cf-goods/uploads/images/thumbnails/400/10/0000/0021/B00000021915607ko.jpg?l=ko
유산균,B000000219157,GNM자연의품격,GNM 프로바이오틱스 플러스 30캡슐 4박스 (4개월분),23900,19900,4.5,12,쿠폰,https://www.oliveyoung.co.kr/store/goods/getGoodsDetail.do?goodsNo=B000000219157,https://image.oliveyoung.co.kr/cfimages/cf-goods/uploads/images/thumbnails/400/10/0000/0021/B00000021915710ko.jpg?l=ko
유산균,B000000228086,뉴트리디데이,뉴트리디데이 슈퍼 바이탈 100억 유산균 90캡슐 (3개월분),,25900,4.9,26,,https://www.oliveyoung.co.kr/store/goods/getGoodsDetail.do?goodsNo=B000000228086,https://image.oliveyoung.co.kr/cfimages/cf-goods/uploads/images/thumbnails/400/10/0000/0022/B00000022808602ko.jpg?l=ko
유산균,B000000228311,VSL3,VSL3 오리지널 30포 2박스 (60일분),296000,276000,4.8,5,쿠폰,https://www.oliveyoung.co.kr/store/goods/getGoodsDetail.do?goodsNo=B000000228311,https://image.oliveyoung.co.kr/cfimages/cf-goods/uploads/images/thumbnails/400/10/0000/0022/B00000022831103ko.jpg?l=ko
유산균,B000000228313,VSL3,VSL3 오리지널 30포 (30일분) & VSL 밸런스 60캡슐 (60일분),279000,246000,4.9,18,쿠폰,https://www.oliveyoung.co.kr/store/goods/getGoodsDetail.do?goodsNo=B000000228313,https://image.oliveyoung.co.kr/cfimages/cf-goods/uploads/images/thumbnails/400/10/0000/0022/B00000022831304ko.jpg?l=ko
유산균,B000000228315,VSL3,VSL3 밸런스 60캡슐 2개입 (120일분),259000,216000,5.0,13,쿠폰,https://www.oliveyoung.co.kr/store/goods/getGoodsDetail.do?goodsNo=B000000228315,https://image.oliveyoung.co.kr/cfimages/cf-goods/uploads/images/thumbnails/400/10/0000/0022/B00000022831503ko.jpg?l=ko
유산균,B000000228425,VSL3,VSL3 오리지널 4.4g*30포 (30일분),148000,138000,4.9,7,쿠폰,https://www.oliveyoung.co.kr/store/goods/getGoodsDetail.do?goodsNo=B000000228425,https://image.oliveyoung.co.kr/cfimages/cf-goods/uploads/images/thumbnails/400/10/0000/0022/B00000022842503ko.jpg?l=ko
유산균,B000000228426,VSL3,VSL3 밸런스 580mg*60캡슐 (60일분),128000,108000,5.0,15,쿠폰,https://www.oliveyoung.co.kr/store/goods/getGoodsDetail.do?goodsNo=B000000228426,https://image.oliveyoung.co.kr/cfimages/cf-goods/uploads/images/thumbnails/400/10/0000/0022/B00000022842603ko.jpg?l=ko
유산균,B000000228751,비에날씬,BNR17 갱년기유산균 비에날퀸 60캡슐*6박스 (6개월분),,399000,4.7,23,무배,https://www.oliveyoung.co.kr/store/goods/getGoodsDetail.do?goodsNo=B000000228751,https://image.oliveyoung.co.kr/cfimages/cf-goods/uploads/images/thumbnails/400/10/0000/0022/B00000022875101ko.jpg?l=ko
유산균,B000000228992,내츄럴플러스,내츄럴플러스 에버핏 편안해질 유산균 30캡슐 3박스 + 유기농 화장솜 원형 100매 1개 증정,34900,33300,4.8,6,쿠폰,https://www.oliveyoung.co.kr/store/goods/getGoodsDetail.do?goodsNo=B000000228992,https://image.oliveyoung.co.kr/cfimages/cf-goods/uploads/images/thumbnails/400/10/0000/0022/B00000022899206ko.jpg?l=ko
유산균,B000000228993,내츄럴플러스,내츄럴플러스 에버핏 편안해질 유산균 30캡슐 2박스 (2개월분),24500,23500,4.8,6,쿠폰,https://www.oliveyoung.co.kr/store/goods/getGoodsDetail.do?goodsNo=B000000228993,https://image.oliveyoung.co.kr/cfimages/cf-goods/uploads/images/thumbnails/400/10/0000/0022/B00000022899305ko.jpg?l=ko
유산균,B000000229002,내츄럴플러스,내츄럴플러스 간케어 앤 유산균 30정 3박스 / 밀크씨슬 프로바이오틱스 식물성캡슐,31900,27900,,,쿠폰,https://www.oliveyoung.co.kr/store/goods/getGoodsDetail.do?goodsNo=B000000229002,https://image.oliveyoung.co.kr/cfimages/cf-goods/uploads/images/thumbnails/400/10/0000/0022/B00000022900209ko.jpg?l=ko
유산균,B000000229003,내츄럴플러스,내츄럴플러스 간케어 앤 유산균 30정 2박스 (2개월분),21900,19900,,,쿠폰,https://www.oliveyoung.co.kr/store/goods/getGoodsDetail.do?goodsNo=B000000229003,https://image.oliveyoung.co.kr/cfimages/cf-goods/uploads/images/thumbnails/400/10/0000/0022/B00000022900303ko.jpg?l=ko
유산균,B000000229009,내츄럴플러스,내츄럴플러스 굿앤키즈 맛있는 생유산균 30포 3박스 (3개월분),20900,20300,5.0,2,쿠폰,https://www.oliveyoung.co.kr/store/goods/getGoodsDetail.do?goodsNo=B000000229009,https://image.oliveyoung.co.kr/cfimages/cf-goods/uploads/images/thumbnails/400/10/0000/0022/B00000022900903ko.jpg?l=ko
유산균,B000000229010,내츄럴플러스,내츄럴플러스 굿앤키즈 유산균 츄어블 프로바이오틱스 아연 60정 3박스 (6개월분),23900,22500,5.0,5,쿠폰,https://www.oliveyoung.co.kr/store/goods/getGoodsDetail.do?goodsNo=B000000229010,https://image.oliveyoung.co.kr/cfimages/cf-goods/uploads/images/thumbnails/400/10/0000/0022/B00000022901003ko.jpg?l=ko
유산균,B000000229011,내츄럴플러스,내츄럴플러스 굿앤키즈 유산균 츄어블 프로바이오틱스 아연 60정 2박스 (4개월분),16900,16300,5.0,5,쿠폰,https://www.oliveyoung.co.kr/store/goods/getGoodsDetail.do?goodsNo=B000000229011,https://image.oliveyoung.co.kr/cfimages/cf-goods/uploads/images/thumbnails/400/10/0000/0022/B00000022901105ko.jpg?l=ko
유산균,B000000229012,내츄럴플러스,[6개월분] 굿앤키즈 10억 생유산균 면역비타민D 60포 3통,39900,38300,,,쿠폰,https://www.oliveyoung.co.kr/store/goods/getGoodsDetail.do?goodsNo=B000000229012,https://image.oliveyoung.co.kr/cfimages/cf-goods/uploads/images/thumbnails/400/10/0000/0022/B00000022901203ko.jpg?l=ko
유산균,B000000229013,내츄럴플러스,[4개월분] 굿앤키즈 10억 생유산균 면역비타민D 60포 2통,27900,27300,,,쿠폰,https://www.oliveyoung.co.kr/store/goods/getGoodsDetail.do?goodsNo=B000000229013,https://image.oliveyoung.co.kr/cfimages/cf-goods/uploads/images/thumbnails/400/10/0000/0022/B00000022901305ko.jpg?l=ko
유산균,B000000229055,메노락토,메노락토 프로 15포 (15일분),35000,34500,5.0,4,쿠폰,https://www.oliveyoung.co.kr/store/goods/getGoodsDetail.do?goodsNo=B000000229055,https://image.oliveyoung.co.kr/cfimages/cf-goods/uploads/images/thumbnails/400/10/0000/0022/B00000022905504ko.jpg?l=ko
유산균,B000000229062,메노락토,메노락토 프로바이오틱스 90캡슐 (3개월분) + 전용쇼핑백 증정,178000,119900,5.0,10,쿠폰,https://www.oliveyoung.co.kr/store/goods/getGoodsDetail.do?goodsNo=B000000229062,https://image.oliveyoung.co.kr/cfimages/cf-goods/uploads/images/thumbnails/400/10/0000/0022/B00000022906204ko.jpg?l=ko
유산균,B000000229064,메노락토,메노락토 프로바이오틱스 30캡슐 (1개월분),59000,45900,5.0,10,쿠폰,https://www.oliveyoung.co.kr/store/goods/getGoodsDetail.do?goodsNo=B000000229064,https://image.oliveyoung.co.kr/cfimages/cf-goods/uploads/images/thumbnails/400/10/0000/0022/B00000022906404ko.jpg?l=ko
유산균,B000000229070,메노락토,메노락토 프리미엄 90캡슐 (3개월분) + 전용쇼핑백 증정,198000,125000,5.0,14,쿠폰,https://www.oliveyoung.co.kr/store/goods/getGoodsDetail.do?goodsNo=B000000229070,https://image.oliveyoung.co.kr/cfimages/cf-goods/uploads/images/thumbnails/400/10/0000/0022/B00000022907004ko.jpg?l=ko
유산균,B000000229074,메노락토,메노락토 프리미엄 30캡슐 (1개월분),66000,49900,5.0,14,쿠폰,https://www.oliveyoung.co.kr/store/goods/getGoodsDetail.do?goodsNo=B000000229074,https://image.oliveyoung.co.kr/cfimages/cf-goods/uploads/images/thumbnails/400/10/0000/0022/B00000022907404ko.jpg?l=ko
유산균,B000000229172,세티밀,세티밀 여성 질 유래 유산균 30캡슐 (1개월분),,27900,5.0,101,,https://www.oliveyoung.co.kr/store/goods/getGoodsDetail.do?goodsNo=B000000229172,https://image.oliveyoung.co.kr/cfimages/cf-goods/uploads/images/thumbnails/400/10/0000/0022/B00000022917207ko.jpg?l=ko
유산균,B000000229174,세티밀,세티밀 여성 질 유래 유산균 30캡슐 3박스 (3개월분),,79900,5.0,101,,https://www.oliveyoung.co.kr/store/goods/getGoodsDetail.do?goodsNo=B000000229174,https://image.oliveyoung.co.kr/cfimages/cf-goods/uploads/images/thumbnails/400/10/0000/0022/B00000022917407ko.jpg?l=ko
유산균,B000000229176,세티밀,세티밀 여성 질 유래 유산균 30캡슐 6박스 (6개월분),,156000,5.0,101,,https://www.oliveyoung.co.kr/store/goods/getGoodsDetail.do?goodsNo=B000000229176,https://image.oliveyoung.co.kr/cfimages/cf-goods/uploads/images/thumbnails/400/10/0000/0022/B00000022917606ko.jpg?l=ko
유산균,B000000232036,닥터프로그램,닥터프로그램 베이비 유산균 올인원 플러스 30포 (1개월분),42000,38500,5.0,1,"쿠폰, 무배",https://www.oliveyoung.co.kr/store/goods/getGoodsDetail.do?goodsNo=B000000232036,https://image.oliveyoung.co.kr/cfimages/cf-goods/uploads/images/thumbnails/400/10/0000/0023/B00000023203606ko.jpg?l=ko
유산균,B000000232239,GNM자연의품격,GNM 100억 생유산균 비피더스 프로바이오틱스 1병 1개월분,20900,18900,4.6,8,쿠폰,https://www.oliveyoung.co.kr/store/goods/getGoodsDetail.do?goodsNo=B000000232239,https://image.oliveyoung.co.kr/cfimages/cf-goods/uploads/images/thumbnails/400/10/0000/0023/B00000023223914ko.jpg?l=ko
유산균,B000000232399,나우푸드,나우푸드 프로바이오틱스-8 100억 30캡슐 (1개월분),25000,22000,5.0,1,쿠폰,https://www.oliveyoung.co.kr/store/goods/getGoodsDetail.do?goodsNo=B000000232399,https://image.oliveyoung.co.kr/cfimages/cf-goods/uploads/images/thumbnails/400/10/0000/0023/B00000023239904ko.jpg?l=ko
유산균,B000000232400,나우푸드,[선물박스] 나우푸드 프로바이오틱스-8 100억 30캡슐 2박스 (2개월분),46000,38000,5.0,1,쿠폰,https://www.oliveyoung.co.kr/store/goods/getGoodsDetail.do?goodsNo=B000000232400,https://image.oliveyoung.co.kr/cfimages/cf-goods/uploads/images/thumbnails/400/10/0000/0023/B00000023240006ko.jpg?l=ko
유산균,B000000232797,일양약품,일양약품 프라임 유산균 다이어트 플러스 30포 2박스 (2개월분),24900,23900,5.0,9,쿠폰,https://www.oliveyoung.co.kr/store/goods/getGoodsDetail.do?goodsNo=B000000232797,https://image.oliveyoung.co.kr/cfimages/cf-goods/uploads/images/thumbnails/400/10/0000/0023/B00000023279701ko.jpg?l=ko
유산균,B000000232798,일양약품,일양약품 프라임 유산균 다이어트 플러스 30포 3박스 + 유기농 화장솜 원형 100매 1개 증정,34900,33300,5.0,9,쿠폰,https://www.oliveyoung.co.kr/store/goods/getGoodsDetail.do?goodsNo=B000000232798,https://image.oliveyoung.co.kr/cfimages/cf-goods/uploads/images/thumbnails/400/10/0000/0023/B00000023279803ko.jpg?l=ko
유산균,B000000233415,내츄럴플러스,내츄럴플러스 체지방케어 다이어트 앤 유산균 30캡슐 1박스 (15일분),11900,11500,4.0,1,쿠폰,https://www.oliveyoung.co.kr/store/goods/getGoodsDetail.do?goodsNo=B000000233415,https://image.oliveyoung.co.kr/cfimages/cf-goods/uploads/images/thumbnails/400/10/0000/0023/B00000023341503ko.jpg?l=ko
유산균,B000000233417,내츄럴플러스,내츄럴플러스 체지방케어 다이어트 앤 유산균 30캡슐 2박스 + 유기농 화장솜 원형 100매 1개 증정,21900,20900,4.5,2,쿠폰,https://www.oliveyoung.co.kr/store/goods/getGoodsDetail.do?goodsNo=B000000233417,https://image.oliveyoung.co.kr/cfimages/cf-goods/uploads/images/thumbnails/400/10/0000/0023/B00000023341705ko.jpg?l=ko
유산균,B000000233435,내츄럴플러스,[비타민C 구미 포도맛 1봉 증정] 내츄럴플러스 프로바이오틱 혼합유산균 60캡슐 1박스 (2개월분),,18900,5.0,2,,https://www.oliveyoung.co.kr/store/goods/getGoodsDetail.do?goodsNo=B000000233435,https://image.oliveyoung.co.kr/cfimages/cf-goods/uploads/images/thumbnails/400/10/0000/0023/B00000023343503ko.jpg?l=ko
유산균,B000000233436,내츄럴플러스,[비타민C 구미 포도맛 2봉 증정] 내츄럴플러스 프로바이오틱 혼합유산균 60캡슐 2박스 (4개월분),,36900,,,,https://www.oliveyoung.co.kr/store/goods/getGoodsDetail.do?goodsNo=B000000233436,https://image.oliveyoung.co.kr/cfimages/cf-goods/uploads/images/thumbnails/400/10/0000/0023/B00000023343605ko.jpg?l=ko
유산균,B000000233441,내츄럴플러스,내츄럴플러스 혈당케어 앤 유산균 30캡슐 1박스 / 프로바이오틱스 바나바잎추출물 식물성캡슐,11900,11500,5.0,2,쿠폰,https://www.oliveyoung.co.kr/store/goods/getGoodsDetail.do?goodsNo=B000000233441,https://image.oliveyoung.co.kr/cfimages/cf-goods/uploads/images/thumbnails/400/10/0000/0023/B00000023344103ko.jpg?l=ko
유산균,B000000233443,내츄럴플러스,내츄럴플러스 혈당케어 앤 유산균 30캡슐 2박스 (2개월분) / 프로바이오틱스 바나바잎추출물 식물성캡슐,21900,21000,5.0,12,쿠폰,https://www.oliveyoung.co.kr/store/goods/getGoodsDetail.do?goodsNo=B000000233443,https://image.oliveyoung.co.kr/cfimages/cf-goods/uploads/images/thumbnails/400/10/0000/0023/B00000023344303ko.jpg?l=ko
유산균,B000000233602,가든오브라이프,가든오브라이프 원스 데일리 여성유산균 30캡슐 (1개월분),,46941,4.8,24,,https://www.oliveyoung.co.kr/store/goods/getGoodsDetail.do?goodsNo=B000000233602,https://image.oliveyoung.co.kr/cfimages/cf-goods/uploads/images/thumbnails/400/10/0000/0023/B00000023360205ko.jpg?l=ko
유산균,B000000233603,가든오브라이프,가든오브라이프 원스 데일리 여성유산균 30캡슐*2개입 선물세트 (2개월분),,92941,4.8,24,,https://www.oliveyoung.co.kr/store/goods/getGoodsDetail.do?goodsNo=B000000233603,https://image.oliveyoung.co.kr/cfimages/cf-goods/uploads/images/thumbnails/400/10/0000/0023/B00000023360306ko.jpg?l=ko
유산균,B000000234318,뉴네이처,뉴네이처 포스트바이오틱스 모유 유산균 30포 (1개월분),,14900,,,,https://www.oliveyoung.co.kr/store/goods/getGoodsDetail.do?goodsNo=B000000234318,https://image.oliveyoung.co.kr/cfimages/cf-goods/uploads/images/thumbnails/400/10/0000/0023/B00000023431801ko.jpg?l=ko
유산균,B000000234869,뉴네이처,[100억 CFU 보장] 뉴네이처 바이탈 프리미엄 프로바이오틱스 60캡슐 (2개월분),,23500,4.7,6,,https://www.oliveyoung.co.kr/store/goods/getGoodsDetail.do?goodsNo=B000000234869,https://image.oliveyoung.co.kr/cfimages/cf-goods/uploads/images/thumbnails/400/10/0000/0023/B00000023486901ko.png?l=ko
유산균,B000000235104,비피오,비피오 트루 유기농 키즈 100억 프로바이오틱스 30포 (1개월분),29900,28900,3.0,1,"쿠폰, 무배",https://www.oliveyoung.co.kr/store/goods/getGoodsDetail.do?goodsNo=B000000235104,https://image.oliveyoung.co.kr/cfimages/cf-goods/uploads/images/thumbnails/400/10/0000/0023/B00000023510402ko.jpg?l=ko
유산균,B000000235105,비피오,비피오 트루 비피더스 100 30캡슐 (1개월분),29900,28900,4.9,76,"쿠폰, 무배",https://www.oliveyoung.co.kr/store/goods/getGoodsDetail.do?goodsNo=B000000235105,https://image.oliveyoung.co.kr/cfimages/cf-goods/uploads/images/thumbnails/400/10/0000/0023/B00000023510505ko.jpg?l=ko
유산균,B000000236586,담백하루,담백하루 트랜짓 100억 유산균 30캡슐 (1개월분),,32300,5.0,2,,https://www.oliveyoung.co.kr/store/goods/getGoodsDetail.do?goodsNo=B000000236586,https://image.oliveyoung.co.kr/cfimages/cf-goods/uploads/images/thumbnails/400/10/0000/0023/B00000023658601ko.jpg?l=ko
유산균,B000000240705,덴프스,[덴마크 직수입] 덴프스 덴마크 유산균이야기 키즈 2박스/2개월분,59000,42000,4.9,30,쿠폰,https://www.oliveyoung.co.kr/store/goods/getGoodsDetail.do?goodsNo=B000000240705,https://image.oliveyoung.co.kr/cfimages/cf-goods/uploads/images/thumbnails/400/10/0000/0024/B00000024070502ko.jpg?l=ko
유산균,B000000240706,덴프스,[덴마크 직수입] 덴프스 덴마크 유산균이야기 키즈 3박스/3개월분,71000,59000,4.9,28,쿠폰,https://www.oliveyoung.co.kr/store/goods/getGoodsDetail.do?goodsNo=B000000240706,https://image.oliveyoung.co.kr/cfimages/cf-goods/uploads/images/thumbnails/400/10/0000/0024/B00000024070605ko.jpg?l=ko
유산균,B000000242756,GNM자연의품격,GNM 100억 비피더스 생유산균 프로바이오틱스 1박스,27900,26900,3.0,2,쿠폰,https://www.oliveyoung.co.kr/store/goods/getGoodsDetail.do?goodsNo=B000000242756,https://image.oliveyoung.co.kr/cfimages/cf-goods/uploads/images/thumbnails/400/10/0000/0024/B00000024275617ko.jpg?l=ko
유산균,B000000242758,GNM자연의품격,GNM 100억 비피더스 생유산균 프로바이오틱스 2박스,49800,48800,,,쿠폰,https://www.oliveyoung.co.kr/store/goods/getGoodsDetail.do?goodsNo=B000000242758,https://image.oliveyoung.co.kr/cfimages/cf-goods/uploads/images/thumbnails/400/10/0000/0024/B00000024275818ko.jpg?l=ko
유산균,B000000244503,덴프스,덴프스 덴마크 유산균이야기 프로 1/2/3박스 (2/4/6개월분),,43000,4.8,5,,https://www.oliveyoung.co.kr/store/goods/getGoodsDetail.do?goodsNo=B000000244503,https://image.oliveyoung.co.kr/cfimages/cf-goods/uploads/images/thumbnails/400/10/0000/0024/B00000024450302ko.jpg?l=ko
유산균,B000000244507,덴프스,덴프스 덴마크 유산균이야기 더마 2/3박스 (8/12주분),,84900,,,,https://www.oliveyoung.co.kr/store/goods/getGoodsDetail.do?goodsNo=B000000244507,https://image.oliveyoung.co.kr/cfimages/cf-goods/uploads/images/thumbnails/400/10/0000/0024/B00000024450702ko.jpg?l=ko
유산균,B000000244517,덴프스,덴프스 프리바이오틱스 이뮨 1/2/3박스 (1/2/3개월분),,24000,,,,https://www.oliveyoung.co.kr/store/goods/getGoodsDetail.do?goodsNo=B000000244517,https://image.oliveyoung.co.kr/cfimages/cf-goods/uploads/images/thumbnails/400/10/0000/0024/B00000024451701ko.jpg?l=ko
유산균,B000000250092,이너시아,이너시아 이뮨쎄나&이뮨샷 14일분(1.5gX14포 / 30mlX14샷),,72000,5.0,37,,https://www.oliveyoung.co.kr/store/goods/getGoodsDetail.do?goodsNo=B000000250092,https://image.oliveyoung.co.kr/cfimages/cf-goods/uploads/images/thumbnails/400/10/0000/0025/B00000025009207ko.jpg?l=ko
유산균,B000000250484,드시모네,드시모네 프라임 60포x2박스 (4개월분),,241500,4.9,62,무배,https://www.oliveyoung.co.kr/store/goods/getGoodsDetail.do?goodsNo=B000000250484,https://image.oliveyoung.co.kr/cfimages/cf-goods/uploads/images/thumbnails/400/10/0000/0025/B00000025048403ko.jpg?l=ko
유산균,A000000140555,듀오락,듀오락 데일리키즈 프로바이오틱스 60정 (1개월분),,33000,5.0,56,오늘드림,https://www.oliveyoung.co.kr/store/goods/getGoodsDetail.do?goodsNo=A000000140555,https://image.oliveyoung.co.kr/cfimages/cf-goods/uploads/images/thumbnails/400/10/0000/0014/A00000014055503ko.jpg?l=ko
유산균,A000000143147,비타민하우스,비타민하우스 프리바이오틱스 100포 (100일분),50000,15000,4.7,82,"세일, 쿠폰, 오늘드림",https://www.oliveyoung.co.kr/store/goods/getGoodsDetail.do?goodsNo=A000000143147,https://image.oliveyoung.co.kr/cfimages/cf-goods/uploads/images/thumbnails/400/10/0000/0014/A00000014314705ko.jpg?l=ko
유산균,A000000158891,데이즈온,데이즈온 오한진 프리바이오틱스 FOS 플러스 30포 (1개월분),,16900,4.8,279,오늘드림,https://www.oliveyoung.co.kr/store/goods/getGoodsDetail.do?goodsNo=A000000158891,https://image.oliveyoung.co.kr/cfimages/cf-goods/uploads/images/thumbnails/400/10/0000/0015/A00000015889102ko.jpg?l=ko
유산균,A000000174993,자로우 포뮬러스,자로우 우먼즈 펨 도피러스 30캡슐 (1개월분),,30900,4.8,999+,오늘드림,https://www.oliveyoung.co.kr/store/goods/getGoodsDetail.do?goodsNo=A000000174993,https://image.oliveyoung.co.kr/cfimages/cf-goods/uploads/images/thumbnails/400/10/0000/0017/A00000017499313ko.jpg?l=ko
유산균,A000000174994,자로우 포뮬러스,자로우 우먼즈 펨 도피러스 60캡슐 (2개월분),,49900,4.8,999+,오늘드림,https://www.oliveyoung.co.kr/store/goods/getGoodsDetail.do?goodsNo=A000000174994,https://image.oliveyoung.co.kr/cfimages/cf-goods/uploads/images/thumbnails/400/10/0000/0017/A00000017499412ko.jpg?l=ko
유산균,A000000174998,자로우 포뮬러스,자로우 도피러스 EPS 이피에스 60캡슐 (2개월분),,35900,4.8,209,오늘드림,https://www.oliveyoung.co.kr/store/goods/getGoodsDetail.do?goodsNo=A000000174998,https://image.oliveyoung.co.kr/cfimages/cf-goods/uploads/images/thumbnails/400/10/0000/0017/A00000017499807ko.jpg?l=ko
유산균,A000000199796,에치와이,[NEW]야쿠르트 팝핑 프로바이오틱스 (15입),,13900,4.9,34,,https://www.oliveyoung.co.kr/store/goods/getGoodsDetail.do?goodsNo=A000000199796,https://image.oliveyoung.co.kr/cfimages/cf-goods/uploads/images/thumbnails/400/10/0000/0019/A00000019979603ko.jpg?l=ko
유산균,A000000199821,에치와이,[NEW]야쿠르트 핏바이오틱스 (15입),,33100,,,,https://www.oliveyoung.co.kr/store/goods/getGoodsDetail.do?goodsNo=A000000199821,https://image.oliveyoung.co.kr/cfimages/cf-goods/uploads/images/thumbnails/400/10/0000/0019/A00000019982103ko.jpg?l=ko
유산균,A000000200515,바이오코어유산균,[부자유산균] CJ BYOCORE 건강한 500억 유산균 28캡슐,,49900,4.8,243,오늘드림,https://www.oliveyoung.co.kr/store/goods/getGoodsDetail.do?goodsNo=A000000200515,https://image.oliveyoung.co.kr/cfimages/cf-goods/uploads/images/thumbnails/400/10/0000/0020/A00000020051513ko.jpg?l=ko
유산균,A000000213319,위아바임,[ 장 유산균] 위아바임 낙산균 프로바이오틱스 30포 (30일분),29900,24900,4.9,181,"세일, 오늘드림",https://www.oliveyoung.co.kr/store/goods/getGoodsDetail.do?goodsNo=A000000213319,https://image.oliveyoung.co.kr/cfimages/cf-goods/uploads/images/thumbnails/400/10/0000/0021/A00000021331905ko.jpg?l=ko
유산균,A000000217175,락피도,[100억CFU] 락피도 프로바이오틱스 슈퍼패스 60캡슐 (2개월분),,39000,,,오늘드림,https://www.oliveyoung.co.kr/store/goods/getGoodsDetail.do?goodsNo=A000000217175,https://image.oliveyoung.co.kr/cfimages/cf-goods/uploads/images/thumbnails/400/10/0000/0021/A00000021717501ko.jpg?l=ko
유산균,A000000218644,뉴트리코어,뉴트리코어 여성을 위한 유산균 이너 프로바이오틱스 30포 (30일분),53000,50350,4.9,27,"세일, 오늘드림",https://www.oliveyoung.co.kr/store/goods/getGoodsDetail.do?goodsNo=A000000218644,https://image.oliveyoung.co.kr/cfimages/cf-goods/uploads/images/thumbnails/400/10/0000/0021/A00000021864405ko.jpg?l=ko
유산균,A000000220756,엔젯오리진,엔젯오리진 프로-17 바이오틱스 30캡슐 (1개월분),14900,13900,4.5,11,"세일, 오늘드림",https://www.oliveyoung.co.kr/store/goods/getGoodsDetail.do?goodsNo=A000000220756,https://image.oliveyoung.co.kr/cfimages/cf-goods/uploads/images/thumbnails/400/10/0000/0022/A00000022075601ko.jpg?l=ko
유산균,A000000225566,덴프스,덴프스 덴마크 유산균이야기 우먼 60캡슐 (+콜라겐스킨부스터 3포 증정기획) (2개월분),52000,49400,4.9,999+,"쿠폰, 오늘드림",https://www.oliveyoung.co.kr/store/goods/getGoodsDetail.do?goodsNo=A000000225566,https://image.oliveyoung.co.kr/cfimages/cf-goods/uploads/images/thumbnails/400/10/0000/0022/A00000022556601ko.jpg?l=ko
유산균,A000000226376,뉴트리원라이프,뉴트리원라이프 프로&프리바이오틱스 90포 선물세트 (3개월분),53000,49000,4.7,203,세일,https://www.oliveyoung.co.kr/store/goods/getGoodsDetail.do?goodsNo=A000000226376,https://image.oliveyoung.co.kr/cfimages/cf-goods/uploads/images/thumbnails/400/10/0000/0022/A00000022637609ko.png?l=ko
유산균,A000000226664,락토핏,락토핏 골드 트리플 기획 (3개월분),35700,22900,4.9,999+,"세일, 오늘드림",https://www.oliveyoung.co.kr/store/goods/getGoodsDetail.do?goodsNo=A000000226664,https://image.oliveyoung.co.kr/cfimages/cf-goods/uploads/images/thumbnails/400/10/0000/0022/A00000022666431ko.jpg?l=ko
유산균,A000000227176,것시스,것시스 다이어트 B프로 28캡슐 (1개월분) / 다이어트 유산균,49800,39810,5.0,999+,"세일, 쿠폰, 오늘드림",https://www.oliveyoung.co.kr/store/goods/getGoodsDetail.do?goodsNo=A000000227176,https://image.oliveyoung.co.kr/cfimages/cf-goods/uploads/images/thumbnails/400/10/0000/0022/A00000022717609ko.jpg?l=ko
유산균,A000000229371,트루락,트루락 베베 8ml,29000,26000,4.9,32,"세일, 오늘드림",https://www.oliveyoung.co.kr/store/goods/getGoodsDetail.do?goodsNo=A000000229371,https://image.oliveyoung.co.kr/cfimages/cf-goods/uploads/images/thumbnails/400/10/0000/0022/A00000022937101ko.jpg?l=ko
유산균,A000000229811,종근당,종근당 질건강 프로젝트365 리스펙타 여성유산균 30캡슐 (1개월분),45000,34000,4.8,16,"세일, 쿠폰, 오늘드림",https://www.oliveyoung.co.kr/store/goods/getGoodsDetail.do?goodsNo=A000000229811,https://image.oliveyoung.co.kr/cfimages/cf-goods/uploads/images/thumbnails/400/10/0000/0022/A00000022981101ko.jpg?l=ko
유산균,A000000232068,네추럴라이즈,네추럴라이즈 우주먼지 사르르 유산균 14포 (14일분),9900,3960,4.9,30,"세일, 쿠폰, 오늘드림",https://www.oliveyoung.co.kr/store/goods/getGoodsDetail.do?goodsNo=A000000232068,https://image.oliveyoung.co.kr/cfimages/cf-goods/uploads/images/thumbnails/400/10/0000/0023/A00000023206809ko.jpg?l=ko
유산균,A000000232692,데일리,데일리 구미 유산균 제로슈가 60구미 (1개월분),,15900,5.0,106,오늘드림,https://www.oliveyoung.co.kr/store/goods/getGoodsDetail.do?goodsNo=A000000232692,https://image.oliveyoung.co.kr/cfimages/cf-goods/uploads/images/thumbnails/400/10/0000/0023/A00000023269214ko.jpg?l=ko
유산균,A000000232693,데일리,데일리 구미 유산균 제로슈가 8구미*5개입 (20일분),,12900,5.0,106,오늘드림,https://www.oliveyoung.co.kr/store/goods/getGoodsDetail.do?goodsNo=A000000232693,https://image.oliveyoung.co.kr/cfimages/cf-goods/uploads/images/thumbnails/400/10/0000/0023/A00000023269312ko.jpg?l=ko
유산균,A000000236579,덴프스,덴프스 덴마크 유산균이야기 다이어트 28캡슐 (28일분),,54000,5.0,661,오늘드림,https://www.oliveyoung.co.kr/store/goods/getGoodsDetail.do?goodsNo=A000000236579,https://image.oliveyoung.co.kr/cfimages/cf-goods/uploads/images/thumbnails/400/10/0000/0023/A00000023657929ko.jpg?l=ko
유산균,A000000240638,락토핏,[올영단독] 락토핏 골드 30포 트리플 기획 (+볼펜 증정) (3개월분),35700,22900,4.9,999+,"세일, 오늘드림",https://www.oliveyoung.co.kr/store/goods/getGoodsDetail.do?goodsNo=A000000240638,https://image.oliveyoung.co.kr/cfimages/cf-goods/uploads/images/thumbnails/400/10/0000/0024/A00000024063815ko.jpg?l=ko
유산균,A000000246735,락토핏,락토핏 골드 30포 (+30포 더블기획) (60일분),23800,13900,4.9,999+,"세일, 오늘드림",https://www.oliveyoung.co.kr/store/goods/getGoodsDetail.do?goodsNo=A000000246735,https://image.oliveyoung.co.kr/cfimages/cf-goods/uploads/images/thumbnails/400/10/0000/0024/A00000024673521ko.jpg?l=ko
유산균,A000000248558,뉴오리진,뉴오리진 이너플로라 60캡슐 (2개월분),51900,45900,,,"세일, 오늘드림",https://www.oliveyoung.co.kr/store/goods/getGoodsDetail.do?goodsNo=A000000248558,https://image.oliveyoung.co.kr/cfimages/cf-goods/uploads/images/thumbnails/400/10/0000/0024/A00000024855805ko.jpg?l=ko
유산균,B000000165947,셀렉스,셀렉스 면역 프로바이오틱스 유산균&아연 1병 (250mg x 30캡슐) (30일분),,18900,4.7,56,,https://www.oliveyoung.co.kr/store/goods/getGoodsDetail.do?goodsNo=B000000165947,https://image.oliveyoung.co.kr/cfimages/cf-goods/uploads/images/thumbnails/400/10/0000/0016/B00000016594705ko.jpg?l=ko
유산균,B000000201101,래디웰,래디웰 프로바이오틱스 밸런스 선물세트 10캡슐*6병 (2개월분),,60000,4.9,16,,https://www.oliveyoung.co.kr/store/goods/getGoodsDetail.do?goodsNo=B000000201101,https://image.oliveyoung.co.kr/cfimages/cf-goods/uploads/images/thumbnails/400/10/0000/0020/B00000020110103ko.jpg?l=ko
유산균,B000000207263,셀렉스,레귤러걸 신바이오틱스 유산균 여성변비움 스틱 (6g x 7입 / 30입 택1),,17900,4.5,10,,https://www.oliveyoung.co.kr/store/goods/getGoodsDetail.do?goodsNo=B000000207263,https://image.oliveyoung.co.kr/cfimages/cf-goods/uploads/images/thumbnails/400/10/0000/0020/B00000020726302ko.jpg?l=ko
유산균,B000000229001,내츄럴플러스,내츄럴플러스 간케어 앤 유산균 30정 4박스 / 밀크씨슬 프로바이오틱스 식물성캡슐,39900,35500,,,쿠폰,https://www.oliveyoung.co.kr/store/goods/getGoodsDetail.do?goodsNo=B000000229001,https://image.oliveyoung.co.kr/cfimages/cf-goods/uploads/images/thumbnails/400/10/0000/0022/B00000022900107ko.jpg?l=ko
유산균,B000000229066,메노락토,메노락토 프리미엄 징코 90캡슐 (3개월분),,197000,5.0,4,,https://www.oliveyoung.co.kr/store/goods/getGoodsDetail.do?goodsNo=B000000229066,https://image.oliveyoung.co.kr/cfimages/cf-goods/uploads/images/thumbnails/400/10/0000/0022/B00000022906604ko.jpg?l=ko
유산균,B000000229068,메노락토,메노락토 프리미엄 징코 30캡슐 (1개월분),,70000,5.0,4,,https://www.oliveyoung.co.kr/store/goods/getGoodsDetail.do?goodsNo=B000000229068,https://image.oliveyoung.co.kr/cfimages/cf-goods/uploads/images/thumbnails/400/10/0000/0022/B00000022906804ko.jpg?l=ko
유산균,B000000229180,세티밀,세티밀 베이비 아기유산균 30포 (1개월분),,29900,5.0,236,,https://www.oliveyoung.co.kr/store/goods/getGoodsDetail.do?goodsNo=B000000229180,https://image.oliveyoung.co.kr/cfimages/cf-goods/uploads/images/thumbnails/400/10/0000/0022/B00000022918009ko.jpg?l=ko
유산균,B000000229181,세티밀,세티밀 베이비 아기유산균 30포 2박스 (2개월분),,54900,5.0,236,,https://www.oliveyoung.co.kr/store/goods/getGoodsDetail.do?goodsNo=B000000229181,https://image.oliveyoung.co.kr/cfimages/cf-goods/uploads/images/thumbnails/400/10/0000/0022/B00000022918106ko.jpg?l=ko
유산균,B000000229182,세티밀,세티밀 베이비 아기유산균 30포 3박스 (3개월분),,69900,5.0,236,,https://www.oliveyoung.co.kr/store/goods/getGoodsDetail.do?goodsNo=B000000229182,https://image.oliveyoung.co.kr/cfimages/cf-goods/uploads/images/thumbnails/400/10/0000/0022/B00000022918206ko.jpg?l=ko
유산균,B000000229183,세티밀,세티밀 베이비 아기유산균 30포 6박스 (6개월분),,136000,5.0,236,,https://www.oliveyoung.co.kr/store/goods/getGoodsDetail.do?goodsNo=B000000229183,https://image.oliveyoung.co.kr/cfimages/cf-goods/uploads/images/thumbnails/400/10/0000/0022/B00000022918306ko.jpg?l=ko
유산균,B000000229190,세티밀,[올영단독] 세티밀 여성 질 유래 유산균 30캡슐 + 아기유산균 30포,,66900,5.0,326,,https://www.oliveyoung.co.kr/store/goods/getGoodsDetail.do?goodsNo=B000000229190,https://image.oliveyoung.co.kr/cfimages/cf-goods/uploads/images/thumbnails/400/10/0000/0022/B00000022919004ko.jpg?l=ko
유산균,B000000231464,베스처,베스처 덴마크 프로바이오틱스 (3박스) (6개월분),,74300,,,,https://www.oliveyoung.co.kr/store/goods/getGoodsDetail.do?goodsNo=B000000231464,https://image.oliveyoung.co.kr/cfimages/cf-goods/uploads/images/thumbnails/400/10/0000/0023/B00000023146401ko.jpg?l=ko
